t,dt,found,px,py,frac_x,frac_y,x_mm,y_mm,vx,vy,valid,roll_cmd,pitch_cmd,applied,arm1_delta,arm2_delta,arm3_delta
0.0000,0.0000,0,0,0,nan,nan,0.00,0.00,0.0,0.0,0,0.0000,0.0000,0,0.0000,0.0000,0.0000
1.0015,1.0015,0,0,0,nan,nan,0.00,0.00,0.0,0.0,0,0.0000,0.0000,0,0.0000,0.0000,0.0000
1.3603,0.3589,0,0,0,nan,nan,0.00,0.00,0.0,0.0,0,0.0000,0.0000,0,0.0000,0.0000,0.0000
1.3840,0.0237,0,0,0,nan,nan,0.00,0.00,0.0,0.0,0,0.0000,0.0000,0,0.0000,0.0000,0.0000
1.4096,0.0256,0,0,0,nan,nan,0.00,0.00,0.0,0.0,0,0.0000,0.0000,0,0.0000,0.0000,0.0000
1.4353,0.0257,0,0,0,nan,nan,0.00,0.00,0.0,0.0,0,0.0000,0.0000,0,0.0000,0.0000,0.0000
1.4614,0.0261,0,0,0,nan,nan,0.00,0.00,0.0,0.0,0,0.0000,0.0000,0,0.0000,0.0000,0.0000
1.4868,0.0254,0,0,0,nan,nan,0.00,0.00,0.0,0.0,0,0.0000,0.0000,0,0.0000,0.0000,0.0000
1.5119,0.0251,0,0,0,nan,nan,0.00,0.00,0.0,0.0,0,0.0000,0.0000,0,0.0000,0.0000,0.0000
1.5372,0.0253,0,0,0,nan,nan,0.00,0.00,0.0,0.0,0,0.0000,0.0000,0,0.0000,0.0000,0.0000
1.5629,0.0256,0,0,0,nan,nan,0.00,0.00,0.0,0.0,0,0.0000,0.0000,0,0.0000,0.0000,0.0000
1.5882,0.0254,0,0,0,nan,nan,0.00,0.00,0.0,0.0,0,0.0000,0.0000,0,0.0000,0.0000,0.0000
1.6134,0.0251,0,0,0,nan,nan,0.00,0.00,0.0,0.0,0,0.0000,0.0000,0,0.0000,0.0000,0.0000
1.6386,0.0252,0,0,0,nan,nan,0.00,0.00,0.0,0.0,0,0.0000,0.0000,0,0.0000,0.0000,0.0000
1.6642,0.0256,0,0,0,nan,nan,0.00,0.00,0.0,0.0,0,0.0000,0.0000,0,0.0000,0.0000,0.0000
1.6901,0.0258,0,0,0,nan,nan,0.00,0.00,0.0,0.0,0,0.0000,0.0000,0,0.0000,0.0000,0.0000
1.7148,0.0247,0,0,0,nan,nan,0.00,0.00,0.0,0.0,0,0.0000,0.0000,0,0.0000,0.0000,0.0000
1.7485,0.0338,0,0,0,nan,nan,0.00,0.00,0.0,0.0,0,0.0000,0.0000,0,0.0000,0.0000,0.0000
1.7801,0.0316,0,0,0,nan,nan,0.00,0.00,0.0,0.0,0,0.0000,0.0000,0,0.0000,0.0000,0.0000
1.8143,0.0342,0,0,0,nan,nan,0.00,0.00,0.0,0.0,0,0.0000,0.0000,0,0.0000,0.0000,0.0000
1.8466,0.0323,0,0,0,nan,nan,0.00,0.00,0.0,0.0,0,0.0000,0.0000,0,0.0000,0.0000,0.0000
1.8803,0.0336,0,0,0,nan,nan,0.00,0.00,0.0,0.0,0,0.0000,0.0000,0,0.0000,0.0000,0.0000
1.9131,0.0328,0,0,0,nan,nan,0.00,0.00,0.0,0.0,0,0.0000,0.0000,0,0.0000,0.0000,0.0000
1.9473,0.0342,0,0,0,nan,nan,0.00,0.00,0.0,0.0,0,0.0000,0.0000,0,0.0000,0.0000,0.0000
1.9797,0.0324,0,0,0,nan,nan,0.00,0.00,0.0,0.0,0,0.0000,0.0000,0,0.0000,0.0000,0.0000
2.0132,0.0335,0,0,0,nan,nan,0.00,0.00,0.0,0.0,0,0.0000,0.0000,0,0.0000,0.0000,0.0000
2.0462,0.0330,0,0,0,nan,nan,0.00,0.00,0.0,0.0,0,0.0000,0.0000,0,0.0000,0.0000,0.0000
2.0803,0.0341,0,0,0,nan,nan,0.00,0.00,0.0,0.0,0,0.0000,0.0000,0,0.0000,0.0000,0.0000
2.1148,0.0345,0,0,0,nan,nan,0.00,0.00,0.0,0.0,0,0.0000,0.0000,0,0.0000,0.0000,0.0000
2.1466,0.0318,0,0,0,nan,nan,0.00,0.00,0.0,0.0,0,0.0000,0.0000,0,0.0000,0.0000,0.0000
2.1795,0.0329,0,0,0,nan,nan,0.00,0.00,0.0,0.0,0,0.0000,0.0000,0,0.0000,0.0000,0.0000
2.2127,0.0332,0,0,0,nan,nan,0.00,0.00,0.0,0.0,0,0.0000,0.0000,0,0.0000,0.0000,0.0000
2.2461,0.0334,0,0,0,nan,nan,0.00,0.00,0.0,0.0,0,0.0000,0.0000,0,0.0000,0.0000,0.0000
2.2805,0.0344,0,0,0,nan,nan,0.00,0.00,0.0,0.0,0,0.0000,0.0000,0,0.0000,0.0000,0.0000
2.3128,0.0323,0,0,0,nan,nan,0.00,0.00,0.0,0.0,0,0.0000,0.0000,0,0.0000,0.0000,0.0000
2.3463,0.0335,0,0,0,nan,nan,0.00,0.00,0.0,0.0,0,0.0000,0.0000,0,0.0000,0.0000,0.0000
2.3792,0.0328,0,0,0,nan,nan,0.00,0.00,0.0,0.0,0,0.0000,0.0000,0,0.0000,0.0000,0.0000
2.4129,0.0337,0,0,0,nan,nan,0.00,0.00,0.0,0.0,0,0.0000,0.0000,0,0.0000,0.0000,0.0000
2.4459,0.0331,0,0,0,nan,nan,0.00,0.00,0.0,0.0,0,0.0000,0.0000,0,0.0000,0.0000,0.0000
2.4802,0.0343,0,0,0,nan,nan,0.00,0.00,0.0,0.0,0,0.0000,0.0000,0,0.0000,0.0000,0.0000
2.5125,0.0323,0,0,0,nan,nan,0.00,0.00,0.0,0.0,0,0.0000,0.0000,0,0.0000,0.0000,0.0000
2.5460,0.0335,0,0,0,nan,nan,0.00,0.00,0.0,0.0,0,0.0000,0.0000,0,0.0000,0.0000,0.0000
2.5790,0.0330,0,0,0,nan,nan,0.00,0.00,0.0,0.0,0,0.0000,0.0000,0,0.0000,0.0000,0.0000
2.6123,0.0333,0,0,0,nan,nan,0.00,0.00,0.0,0.0,0,0.0000,0.0000,0,0.0000,0.0000,0.0000
2.6456,0.0333,0,0,0,nan,nan,0.00,0.00,0.0,0.0,0,0.0000,0.0000,0,0.0000,0.0000,0.0000
2.6801,0.0345,0,0,0,nan,nan,0.00,0.00,0.0,0.0,0,0.0000,0.0000,0,0.0000,0.0000,0.0000
2.7122,0.0322,0,0,0,nan,nan,0.00,0.00,0.0,0.0,0,0.0000,0.0000,0,0.0000,0.0000,0.0000
2.7469,0.0347,0,0,0,nan,nan,0.00,0.00,0.0,0.0,0,0.0000,0.0000,0,0.0000,0.0000,0.0000
2.7790,0.0320,0,0,0,nan,nan,0.00,0.00,0.0,0.0,0,0.0000,0.0000,0,0.0000,0.0000,0.0000
2.8123,0.0333,0,0,0,nan,nan,0.00,0.00,0.0,0.0,0,0.0000,0.0000,0,0.0000,0.0000,0.0000
2.8456,0.0332,0,0,0,nan,nan,0.00,0.00,0.0,0.0,0,0.0000,0.0000,0,0.0000,0.0000,0.0000
2.8800,0.0344,0,0,0,nan,nan,0.00,0.00,0.0,0.0,0,0.0000,0.0000,0,0.0000,0.0000,0.0000
2.9121,0.0321,0,0,0,nan,nan,0.00,0.00,0.0,0.0,0,0.0000,0.0000,0,0.0000,0.0000,0.0000
2.9457,0.0336,0,0,0,nan,nan,0.00,0.00,0.0,0.0,0,0.0000,0.0000,0,0.0000,0.0000,0.0000
2.9787,0.0330,0,0,0,nan,nan,0.00,0.00,0.0,0.0,0,0.0000,0.0000,0,0.0000,0.0000,0.0000
3.0120,0.0334,0,0,0,nan,nan,0.00,0.00,0.0,0.0,0,0.0000,0.0000,0,0.0000,0.0000,0.0000
3.0453,0.0333,0,0,0,nan,nan,0.00,0.00,0.0,0.0,0,0.0000,0.0000,0,0.0000,0.0000,0.0000
3.0816,0.0363,0,0,0,nan,nan,0.00,0.00,0.0,0.0,0,0.0000,0.0000,0,0.0000,0.0000,0.0000
3.1142,0.0326,0,0,0,nan,nan,0.00,0.00,0.0,0.0,0,0.0000,0.0000,0,0.0000,0.0000,0.0000
3.1469,0.0328,0,0,0,nan,nan,0.00,0.00,0.0,0.0,0,0.0000,0.0000,0,0.0000,0.0000,0.0000
3.1787,0.0318,0,0,0,nan,nan,0.00,0.00,0.0,0.0,0,0.0000,0.0000,0,0.0000,0.0000,0.0000
3.2121,0.0334,0,0,0,nan,nan,0.00,0.00,0.0,0.0,0,0.0000,0.0000,0,0.0000,0.0000,0.0000
3.2454,0.0333,0,0,0,nan,nan,0.00,0.00,0.0,0.0,0,0.0000,0.0000,0,0.0000,0.0000,0.0000
3.2792,0.0338,0,0,0,nan,nan,0.00,0.00,0.0,0.0,0,0.0000,0.0000,0,0.0000,0.0000,0.0000
3.3118,0.0326,0,0,0,nan,nan,0.00,0.00,0.0,0.0,0,0.0000,0.0000,0,0.0000,0.0000,0.0000
3.3449,0.0331,0,0,0,nan,nan,0.00,0.00,0.0,0.0,0,0.0000,0.0000,0,0.0000,0.0000,0.0000
3.3802,0.0354,0,0,0,nan,nan,0.00,0.00,0.0,0.0,0,0.0000,0.0000,0,0.0000,0.0000,0.0000
3.4119,0.0316,0,0,0,nan,nan,0.00,0.00,0.0,0.0,0,0.0000,0.0000,0,0.0000,0.0000,0.0000
3.4450,0.0331,0,0,0,nan,nan,0.00,0.00,0.0,0.0,0,0.0000,0.0000,0,0.0000,0.0000,0.0000
3.4791,0.0341,0,0,0,nan,nan,0.00,0.00,0.0,0.0,0,0.0000,0.0000,0,0.0000,0.0000,0.0000
3.5116,0.0325,0,0,0,nan,nan,0.00,0.00,0.0,0.0,0,0.0000,0.0000,0,0.0000,0.0000,0.0000
3.5457,0.0342,0,0,0,nan,nan,0.00,0.00,0.0,0.0,0,0.0000,0.0000,0,0.0000,0.0000,0.0000
3.5782,0.0325,0,0,0,nan,nan,0.00,0.00,0.0,0.0,0,0.0000,0.0000,0,0.0000,0.0000,0.0000
3.6112,0.0329,0,0,0,nan,nan,0.00,0.00,0.0,0.0,0,0.0000,0.0000,0,0.0000,0.0000,0.0000
3.6447,0.0335,0,0,0,nan,nan,0.00,0.00,0.0,0.0,0,0.0000,0.0000,0,0.0000,0.0000,0.0000
3.6788,0.0341,0,0,0,nan,nan,0.00,0.00,0.0,0.0,0,0.0000,0.0000,0,0.0000,0.0000,0.0000
3.7113,0.0325,0,0,0,nan,nan,0.00,0.00,0.0,0.0,0,0.0000,0.0000,0,0.0000,0.0000,0.0000
3.7446,0.0332,0,0,0,nan,nan,0.00,0.00,0.0,0.0,0,0.0000,0.0000,0,0.0000,0.0000,0.0000
3.7780,0.0334,0,0,0,nan,nan,0.00,0.00,0.0,0.0,0,0.0000,0.0000,0,0.0000,0.0000,0.0000
3.8113,0.0334,0,0,0,nan,nan,0.00,0.00,0.0,0.0,0,0.0000,0.0000,0,0.0000,0.0000,0.0000
3.8447,0.0334,0,0,0,nan,nan,0.00,0.00,0.0,0.0,0,0.0000,0.0000,0,0.0000,0.0000,0.0000
3.8801,0.0354,0,0,0,nan,nan,0.00,0.00,0.0,0.0,0,0.0000,0.0000,0,0.0000,0.0000,0.0000
3.9124,0.0322,0,0,0,nan,nan,0.00,0.00,0.0,0.0,0,0.0000,0.0000,0,0.0000,0.0000,0.0000
3.9456,0.0333,0,0,0,nan,nan,0.00,0.00,0.0,0.0,0,0.0000,0.0000,0,0.0000,0.0000,0.0000
3.9790,0.0333,0,0,0,nan,nan,0.00,0.00,0.0,0.0,0,0.0000,0.0000,0,0.0000,0.0000,0.0000
4.0123,0.0333,0,0,0,nan,nan,0.00,0.00,0.0,0.0,0,0.0000,0.0000,0,0.0000,0.0000,0.0000
4.0467,0.0343,0,0,0,nan,nan,0.00,0.00,0.0,0.0,0,0.0000,0.0000,0,0.0000,0.0000,0.0000
4.0781,0.0315,0,0,0,nan,nan,0.00,0.00,0.0,0.0,0,0.0000,0.0000,0,0.0000,0.0000,0.0000
4.1130,0.0349,0,0,0,nan,nan,0.00,0.00,0.0,0.0,0,0.0000,0.0000,0,0.0000,0.0000,0.0000
4.1447,0.0317,0,0,0,nan,nan,0.00,0.00,0.0,0.0,0,0.0000,0.0000,0,0.0000,0.0000,0.0000
4.1777,0.0330,0,0,0,nan,nan,0.00,0.00,0.0,0.0,0,0.0000,0.0000,0,0.0000,0.0000,0.0000
4.2111,0.0334,0,0,0,nan,nan,0.00,0.00,0.0,0.0,0,0.0000,0.0000,0,0.0000,0.0000,0.0000
4.2449,0.0338,0,0,0,nan,nan,0.00,0.00,0.0,0.0,0,0.0000,0.0000,0,0.0000,0.0000,0.0000
4.2777,0.0328,0,0,0,nan,nan,0.00,0.00,0.0,0.0,0,0.0000,0.0000,0,0.0000,0.0000,0.0000
4.3121,0.0344,0,0,0,nan,nan,0.00,0.00,0.0,0.0,0,0.0000,0.0000,0,0.0000,0.0000,0.0000
4.3442,0.0322,0,0,0,nan,nan,0.00,0.00,0.0,0.0,0,0.0000,0.0000,0,0.0000,0.0000,0.0000
4.3789,0.0346,0,0,0,nan,nan,0.00,0.00,0.0,0.0,0,0.0000,0.0000,0,0.0000,0.0000,0.0000
4.4110,0.0321,0,0,0,nan,nan,0.00,0.00,0.0,0.0,0,0.0000,0.0000,0,0.0000,0.0000,0.0000
4.4462,0.0352,0,0,0,nan,nan,0.00,0.00,0.0,0.0,0,0.0000,0.0000,0,0.0000,0.0000,0.0000
4.4868,0.0405,0,0,0,nan,nan,0.00,0.00,0.0,0.0,0,0.0000,0.0000,0,0.0000,0.0000,0.0000
4.5212,0.0344,0,0,0,nan,nan,0.00,0.00,0.0,0.0,0,0.0000,0.0000,0,0.0000,0.0000,0.0000
4.5525,0.0313,0,0,0,nan,nan,0.00,0.00,0.0,0.0,0,0.0000,0.0000,0,0.0000,0.0000,0.0000
4.5787,0.0262,0,0,0,nan,nan,0.00,0.00,0.0,0.0,0,0.0000,0.0000,0,0.0000,0.0000,0.0000
4.6127,0.0340,0,0,0,nan,nan,0.00,0.00,0.0,0.0,0,0.0000,0.0000,0,0.0000,0.0000,0.0000
4.6451,0.0325,0,0,0,nan,nan,0.00,0.00,0.0,0.0,0,0.0000,0.0000,0,0.0000,0.0000,0.0000
4.6772,0.0320,0,0,0,nan,nan,0.00,0.00,0.0,0.0,0,0.0000,0.0000,0,0.0000,0.0000,0.0000
4.7101,0.0330,0,0,0,nan,nan,0.00,0.00,0.0,0.0,0,0.0000,0.0000,0,0.0000,0.0000,0.0000
4.7434,0.0333,0,0,0,nan,nan,0.00,0.00,0.0,0.0,0,0.0000,0.0000,0,0.0000,0.0000,0.0000
4.7767,0.0333,0,0,0,nan,nan,0.00,0.00,0.0,0.0,0,0.0000,0.0000,0,0.0000,0.0000,0.0000
4.8106,0.0339,0,0,0,nan,nan,0.00,0.00,0.0,0.0,0,0.0000,0.0000,0,0.0000,0.0000,0.0000
4.8434,0.0327,0,0,0,nan,nan,0.00,0.00,0.0,0.0,0,0.0000,0.0000,0,0.0000,0.0000,0.0000
4.8767,0.0334,0,0,0,nan,nan,0.00,0.00,0.0,0.0,0,0.0000,0.0000,0,0.0000,0.0000,0.0000
4.9120,0.0352,0,0,0,nan,nan,0.00,0.00,0.0,0.0,0,0.0000,0.0000,0,0.0000,0.0000,0.0000
4.9438,0.0318,0,0,0,nan,nan,0.00,0.00,0.0,0.0,0,0.0000,0.0000,0,0.0000,0.0000,0.0000
4.9768,0.0330,0,0,0,nan,nan,0.00,0.00,0.0,0.0,0,0.0000,0.0000,0,0.0000,0.0000,0.0000
5.0100,0.0332,0,0,0,nan,nan,0.00,0.00,0.0,0.0,0,0.0000,0.0000,0,0.0000,0.0000,0.0000
5.0435,0.0335,0,0,0,nan,nan,0.00,0.00,0.0,0.0,0,0.0000,0.0000,0,0.0000,0.0000,0.0000
5.0765,0.0330,0,0,0,nan,nan,0.00,0.00,0.0,0.0,0,0.0000,0.0000,0,0.0000,0.0000,0.0000
5.1123,0.0358,0,0,0,nan,nan,0.00,0.00,0.0,0.0,0,0.0000,0.0000,0,0.0000,0.0000,0.0000
5.1438,0.0314,0,0,0,nan,nan,0.00,0.00,0.0,0.0,0,0.0000,0.0000,0,0.0000,0.0000,0.0000
5.1775,0.0337,0,0,0,nan,nan,0.00,0.00,0.0,0.0,0,0.0000,0.0000,0,0.0000,0.0000,0.0000
5.2101,0.0326,0,0,0,nan,nan,0.00,0.00,0.0,0.0,0,0.0000,0.0000,0,0.0000,0.0000,0.0000
5.2433,0.0332,0,0,0,nan,nan,0.00,0.00,0.0,0.0,0,0.0000,0.0000,0,0.0000,0.0000,0.0000
5.2762,0.0329,0,0,0,nan,nan,0.00,0.00,0.0,0.0,0,0.0000,0.0000,0,0.0000,0.0000,0.0000
5.3102,0.0340,0,0,0,nan,nan,0.00,0.00,0.0,0.0,0,0.0000,0.0000,0,0.0000,0.0000,0.0000
5.3431,0.0329,0,0,0,nan,nan,0.00,0.00,0.0,0.0,0,0.0000,0.0000,0,0.0000,0.0000,0.0000
5.3778,0.0347,0,0,0,nan,nan,0.00,0.00,0.0,0.0,0,0.0000,0.0000,0,0.0000,0.0000,0.0000
5.4100,0.0322,0,0,0,nan,nan,0.00,0.00,0.0,0.0,0,0.0000,0.0000,0,0.0000,0.0000,0.0000
5.4432,0.0331,0,0,0,nan,nan,0.00,0.00,0.0,0.0,0,0.0000,0.0000,0,0.0000,0.0000,0.0000
5.4762,0.0330,0,0,0,nan,nan,0.00,0.00,0.0,0.0,0,0.0000,0.0000,0,0.0000,0.0000,0.0000
5.5099,0.0337,0,0,0,nan,nan,0.00,0.00,0.0,0.0,0,0.0000,0.0000,0,0.0000,0.0000,0.0000
5.5429,0.0329,0,0,0,nan,nan,0.00,0.00,0.0,0.0,0,0.0000,0.0000,0,0.0000,0.0000,0.0000
5.5764,0.0336,0,0,0,nan,nan,0.00,0.00,0.0,0.0,0,0.0000,0.0000,0,0.0000,0.0000,0.0000
5.6097,0.0333,0,0,0,nan,nan,0.00,0.00,0.0,0.0,0,0.0000,0.0000,0,0.0000,0.0000,0.0000
5.6429,0.0332,0,0,0,nan,nan,0.00,0.00,0.0,0.0,0,0.0000,0.0000,0,0.0000,0.0000,0.0000
5.6760,0.0331,0,0,0,nan,nan,0.00,0.00,0.0,0.0,0,0.0000,0.0000,0,0.0000,0.0000,0.0000
5.7098,0.0338,0,0,0,nan,nan,0.00,0.00,0.0,0.0,0,0.0000,0.0000,0,0.0000,0.0000,0.0000
5.7427,0.0329,0,0,0,nan,nan,0.00,0.00,0.0,0.0,0,0.0000,0.0000,0,0.0000,0.0000,0.0000
5.7761,0.0333,0,0,0,nan,nan,0.00,0.00,0.0,0.0,0,0.0000,0.0000,0,0.0000,0.0000,0.0000
5.8094,0.0333,0,0,0,nan,nan,0.00,0.00,0.0,0.0,0,0.0000,0.0000,0,0.0000,0.0000,0.0000
5.8429,0.0335,0,0,0,nan,nan,0.00,0.00,0.0,0.0,0,0.0000,0.0000,0,0.0000,0.0000,0.0000
5.8763,0.0334,0,0,0,nan,nan,0.00,0.00,0.0,0.0,0,0.0000,0.0000,0,0.0000,0.0000,0.0000
5.9094,0.0332,0,0,0,nan,nan,0.00,0.00,0.0,0.0,0,0.0000,0.0000,0,0.0000,0.0000,0.0000
5.9427,0.0332,0,0,0,nan,nan,0.00,0.00,0.0,0.0,0,0.0000,0.0000,0,0.0000,0.0000,0.0000
5.9763,0.0336,0,0,0,nan,nan,0.00,0.00,0.0,0.0,0,0.0000,0.0000,0,0.0000,0.0000,0.0000
6.0100,0.0337,0,0,0,nan,nan,0.00,0.00,0.0,0.0,0,0.0000,0.0000,0,0.0000,0.0000,0.0000
6.0430,0.0330,0,0,0,nan,nan,0.00,0.00,0.0,0.0,0,0.0000,0.0000,0,0.0000,0.0000,0.0000
6.0774,0.0345,0,0,0,nan,nan,0.00,0.00,0.0,0.0,0,0.0000,0.0000,0,0.0000,0.0000,0.0000
6.1120,0.0346,0,0,0,nan,nan,0.00,0.00,0.0,0.0,0,0.0000,0.0000,0,0.0000,0.0000,0.0000
6.1435,0.0315,0,0,0,nan,nan,0.00,0.00,0.0,0.0,0,0.0000,0.0000,0,0.0000,0.0000,0.0000
6.1760,0.0325,0,0,0,nan,nan,0.00,0.00,0.0,0.0,0,0.0000,0.0000,0,0.0000,0.0000,0.0000
6.2094,0.0334,0,0,0,nan,nan,0.00,0.00,0.0,0.0,0,0.0000,0.0000,0,0.0000,0.0000,0.0000
6.2445,0.0350,0,0,0,nan,nan,0.00,0.00,0.0,0.0,0,0.0000,0.0000,0,0.0000,0.0000,0.0000
6.2766,0.0321,0,0,0,nan,nan,0.00,0.00,0.0,0.0,0,0.0000,0.0000,0,0.0000,0.0000,0.0000
6.3095,0.0330,0,0,0,nan,nan,0.00,0.00,0.0,0.0,0,0.0000,0.0000,0,0.0000,0.0000,0.0000
6.3426,0.0331,0,0,0,nan,nan,0.00,0.00,0.0,0.0,0,0.0000,0.0000,0,0.0000,0.0000,0.0000
6.3756,0.0330,0,0,0,nan,nan,0.00,0.00,0.0,0.0,0,0.0000,0.0000,0,0.0000,0.0000,0.0000
6.4092,0.0336,0,0,0,nan,nan,0.00,0.00,0.0,0.0,0,0.0000,0.0000,0,0.0000,0.0000,0.0000
6.4423,0.0331,0,0,0,nan,nan,0.00,0.00,0.0,0.0,0,0.0000,0.0000,0,0.0000,0.0000,0.0000
6.4757,0.0333,0,0,0,nan,nan,0.00,0.00,0.0,0.0,0,0.0000,0.0000,0,0.0000,0.0000,0.0000
6.5088,0.0332,0,0,0,nan,nan,0.00,0.00,0.0,0.0,0,0.0000,0.0000,0,0.0000,0.0000,0.0000
6.5424,0.0335,0,0,0,nan,nan,0.00,0.00,0.0,0.0,0,0.0000,0.0000,0,0.0000,0.0000,0.0000
6.5754,0.0330,0,0,0,nan,nan,0.00,0.00,0.0,0.0,0,0.0000,0.0000,0,0.0000,0.0000,0.0000
6.6089,0.0335,0,0,0,nan,nan,0.00,0.00,0.0,0.0,0,0.0000,0.0000,0,0.0000,0.0000,0.0000
6.6422,0.0333,0,0,0,nan,nan,0.00,0.00,0.0,0.0,0,0.0000,0.0000,0,0.0000,0.0000,0.0000
6.6756,0.0333,0,0,0,nan,nan,0.00,0.00,0.0,0.0,0,0.0000,0.0000,0,0.0000,0.0000,0.0000
6.7085,0.0330,0,0,0,nan,nan,0.00,0.00,0.0,0.0,0,0.0000,0.0000,0,0.0000,0.0000,0.0000
6.7420,0.0335,0,0,0,nan,nan,0.00,0.00,0.0,0.0,0,0.0000,0.0000,0,0.0000,0.0000,0.0000
6.7753,0.0333,0,0,0,nan,nan,0.00,0.00,0.0,0.0,0,0.0000,0.0000,0,0.0000,0.0000,0.0000
6.8087,0.0334,0,0,0,nan,nan,0.00,0.00,0.0,0.0,0,0.0000,0.0000,0,0.0000,0.0000,0.0000
6.8419,0.0333,0,0,0,nan,nan,0.00,0.00,0.0,0.0,0,0.0000,0.0000,0,0.0000,0.0000,0.0000
6.8754,0.0334,0,0,0,nan,nan,0.00,0.00,0.0,0.0,0,0.0000,0.0000,0,0.0000,0.0000,0.0000
6.9084,0.0330,0,0,0,nan,nan,0.00,0.00,0.0,0.0,0,0.0000,0.0000,0,0.0000,0.0000,0.0000
6.9422,0.0337,0,0,0,nan,nan,0.00,0.00,0.0,0.0,0,0.0000,0.0000,0,0.0000,0.0000,0.0000
6.9758,0.0336,0,0,0,nan,nan,0.00,0.00,0.0,0.0,0,0.0000,0.0000,0,0.0000,0.0000,0.0000
7.0088,0.0330,0,0,0,nan,nan,0.00,0.00,0.0,0.0,0,0.0000,0.0000,0,0.0000,0.0000,0.0000
7.0432,0.0344,0,0,0,nan,nan,0.00,0.00,0.0,0.0,0,0.0000,0.0000,0,0.0000,0.0000,0.0000
7.0756,0.0323,0,0,0,nan,nan,0.00,0.00,0.0,0.0,0,0.0000,0.0000,0,0.0000,0.0000,0.0000
7.1108,0.0352,0,0,0,nan,nan,0.00,0.00,0.0,0.0,0,0.0000,0.0000,0,0.0000,0.0000,0.0000
7.1426,0.0319,0,0,0,nan,nan,0.00,0.00,0.0,0.0,0,0.0000,0.0000,0,0.0000,0.0000,0.0000
7.1753,0.0327,0,0,0,nan,nan,0.00,0.00,0.0,0.0,0,0.0000,0.0000,0,0.0000,0.0000,0.0000
7.2084,0.0331,0,0,0,nan,nan,0.00,0.00,0.0,0.0,0,0.0000,0.0000,0,0.0000,0.0000,0.0000
7.2415,0.0331,0,0,0,nan,nan,0.00,0.00,0.0,0.0,0,0.0000,0.0000,0,0.0000,0.0000,0.0000
7.2749,0.0334,0,0,0,nan,nan,0.00,0.00,0.0,0.0,0,0.0000,0.0000,0,0.0000,0.0000,0.0000
7.3079,0.0330,0,0,0,nan,nan,0.00,0.00,0.0,0.0,0,0.0000,0.0000,0,0.0000,0.0000,0.0000
7.3418,0.0338,0,0,0,nan,nan,0.00,0.00,0.0,0.0,0,0.0000,0.0000,0,0.0000,0.0000,0.0000
7.3747,0.0330,0,0,0,nan,nan,0.00,0.00,0.0,0.0,0,0.0000,0.0000,0,0.0000,0.0000,0.0000
7.4082,0.0334,0,0,0,nan,nan,0.00,0.00,0.0,0.0,0,0.0000,0.0000,0,0.0000,0.0000,0.0000
7.4413,0.0331,0,0,0,nan,nan,0.00,0.00,0.0,0.0,0,0.0000,0.0000,0,0.0000,0.0000,0.0000
7.4764,0.0351,0,0,0,nan,nan,0.00,0.00,0.0,0.0,0,0.0000,0.0000,0,0.0000,0.0000,0.0000
7.5080,0.0316,0,0,0,nan,nan,0.00,0.00,0.0,0.0,0,0.0000,0.0000,0,0.0000,0.0000,0.0000
7.5413,0.0333,0,0,0,nan,nan,0.00,0.00,0.0,0.0,0,0.0000,0.0000,0,0.0000,0.0000,0.0000
7.5744,0.0331,0,0,0,nan,nan,0.00,0.00,0.0,0.0,0,0.0000,0.0000,0,0.0000,0.0000,0.0000
7.6080,0.0336,0,0,0,nan,nan,0.00,0.00,0.0,0.0,0,0.0000,0.0000,0,0.0000,0.0000,0.0000
7.6411,0.0331,0,0,0,nan,nan,0.00,0.00,0.0,0.0,0,0.0000,0.0000,0,0.0000,0.0000,0.0000
7.6757,0.0346,0,0,0,nan,nan,0.00,0.00,0.0,0.0,0,0.0000,0.0000,0,0.0000,0.0000,0.0000
7.7080,0.0323,0,0,0,nan,nan,0.00,0.00,0.0,0.0,0,0.0000,0.0000,0,0.0000,0.0000,0.0000
7.7413,0.0333,0,0,0,nan,nan,0.00,0.00,0.0,0.0,0,0.0000,0.0000,0,0.0000,0.0000,0.0000
7.7759,0.0346,0,0,0,nan,nan,0.00,0.00,0.0,0.0,0,0.0000,0.0000,0,0.0000,0.0000,0.0000
7.8080,0.0321,0,0,0,nan,nan,0.00,0.00,0.0,0.0,0,0.0000,0.0000,0,0.0000,0.0000,0.0000
7.8411,0.0331,0,0,0,nan,nan,0.00,0.00,0.0,0.0,0,0.0000,0.0000,0,0.0000,0.0000,0.0000
7.8744,0.0333,0,0,0,nan,nan,0.00,0.00,0.0,0.0,0,0.0000,0.0000,0,0.0000,0.0000,0.0000
7.9072,0.0328,0,0,0,nan,nan,0.00,0.00,0.0,0.0,0,0.0000,0.0000,0,0.0000,0.0000,0.0000
7.9412,0.0340,0,0,0,nan,nan,0.00,0.00,0.0,0.0,0,0.0000,0.0000,0,0.0000,0.0000,0.0000
7.9742,0.0330,0,0,0,nan,nan,0.00,0.00,0.0,0.0,0,0.0000,0.0000,0,0.0000,0.0000,0.0000
8.0075,0.0333,0,0,0,nan,nan,0.00,0.00,0.0,0.0,0,0.0000,0.0000,0,0.0000,0.0000,0.0000
8.0405,0.0330,0,0,0,nan,nan,0.00,0.00,0.0,0.0,0,0.0000,0.0000,0,0.0000,0.0000,0.0000
8.0742,0.0337,0,0,0,nan,nan,0.00,0.00,0.0,0.0,0,0.0000,0.0000,0,0.0000,0.0000,0.0000
8.1090,0.0348,0,0,0,nan,nan,0.00,0.00,0.0,0.0,0,0.0000,0.0000,0,0.0000,0.0000,0.0000
8.1410,0.0320,0,0,0,nan,nan,0.00,0.00,0.0,0.0,0,0.0000,0.0000,0,0.0000,0.0000,0.0000
8.1738,0.0329,0,0,0,nan,nan,0.00,0.00,0.0,0.0,0,0.0000,0.0000,0,0.0000,0.0000,0.0000
8.2073,0.0334,0,0,0,nan,nan,0.00,0.00,0.0,0.0,0,0.0000,0.0000,0,0.0000,0.0000,0.0000
8.2415,0.0342,0,0,0,nan,nan,0.00,0.00,0.0,0.0,0,0.0000,0.0000,0,0.0000,0.0000,0.0000
8.2740,0.0326,0,0,0,nan,nan,0.00,0.00,0.0,0.0,0,0.0000,0.0000,0,0.0000,0.0000,0.0000
8.3071,0.0330,0,0,0,nan,nan,0.00,0.00,0.0,0.0,0,0.0000,0.0000,0,0.0000,0.0000,0.0000
8.3403,0.0332,0,0,0,nan,nan,0.00,0.00,0.0,0.0,0,0.0000,0.0000,0,0.0000,0.0000,0.0000
8.3739,0.0336,0,0,0,nan,nan,0.00,0.00,0.0,0.0,0,0.0000,0.0000,0,0.0000,0.0000,0.0000
8.4069,0.0330,0,0,0,nan,nan,0.00,0.00,0.0,0.0,0,0.0000,0.0000,0,0.0000,0.0000,0.0000
8.4402,0.0333,0,0,0,nan,nan,0.00,0.00,0.0,0.0,0,0.0000,0.0000,0,0.0000,0.0000,0.0000
8.4735,0.0334,0,0,0,nan,nan,0.00,0.00,0.0,0.0,0,0.0000,0.0000,0,0.0000,0.0000,0.0000
8.5070,0.0335,0,0,0,nan,nan,0.00,0.00,0.0,0.0,0,0.0000,0.0000,0,0.0000,0.0000,0.0000
8.5402,0.0332,0,0,0,nan,nan,0.00,0.00,0.0,0.0,0,0.0000,0.0000,0,0.0000,0.0000,0.0000
8.5736,0.0334,0,0,0,nan,nan,0.00,0.00,0.0,0.0,0,0.0000,0.0000,0,0.0000,0.0000,0.0000
8.6068,0.0331,0,0,0,nan,nan,0.00,0.00,0.0,0.0,0,0.0000,0.0000,0,0.0000,0.0000,0.0000
8.6401,0.0334,0,0,0,nan,nan,0.00,0.00,0.0,0.0,0,0.0000,0.0000,0,0.0000,0.0000,0.0000
8.6734,0.0332,0,0,0,nan,nan,0.00,0.00,0.0,0.0,0,0.0000,0.0000,0,0.0000,0.0000,0.0000
8.7067,0.0333,0,0,0,nan,nan,0.00,0.00,0.0,0.0,0,0.0000,0.0000,0,0.0000,0.0000,0.0000
8.7401,0.0334,0,0,0,nan,nan,0.00,0.00,0.0,0.0,0,0.0000,0.0000,0,0.0000,0.0000,0.0000
8.7733,0.0332,0,0,0,nan,nan,0.00,0.00,0.0,0.0,0,0.0000,0.0000,0,0.0000,0.0000,0.0000
8.8066,0.0333,0,0,0,nan,nan,0.00,0.00,0.0,0.0,0,0.0000,0.0000,0,0.0000,0.0000,0.0000
8.8398,0.0332,0,0,0,nan,nan,0.00,0.00,0.0,0.0,0,0.0000,0.0000,0,0.0000,0.0000,0.0000
8.8732,0.0334,0,0,0,nan,nan,0.00,0.00,0.0,0.0,0,0.0000,0.0000,0,0.0000,0.0000,0.0000
8.9065,0.0333,0,0,0,nan,nan,0.00,0.00,0.0,0.0,0,0.0000,0.0000,0,0.0000,0.0000,0.0000
8.9398,0.0332,0,0,0,nan,nan,0.00,0.00,0.0,0.0,0,0.0000,0.0000,0,0.0000,0.0000,0.0000
8.9734,0.0337,0,0,0,nan,nan,0.00,0.00,0.0,0.0,0,0.0000,0.0000,0,0.0000,0.0000,0.0000
9.0076,0.0342,0,0,0,nan,nan,0.00,0.00,0.0,0.0,0,0.0000,0.0000,0,0.0000,0.0000,0.0000
9.0410,0.0334,0,0,0,nan,nan,0.00,0.00,0.0,0.0,0,0.0000,0.0000,0,0.0000,0.0000,0.0000
9.0733,0.0323,0,0,0,nan,nan,0.00,0.00,0.0,0.0,0,0.0000,0.0000,0,0.0000,0.0000,0.0000
9.1104,0.0371,0,0,0,nan,nan,0.00,0.00,0.0,0.0,0,0.0000,0.0000,0,0.0000,0.0000,0.0000
9.1403,0.0300,0,0,0,nan,nan,0.00,0.00,0.0,0.0,0,0.0000,0.0000,0,0.0000,0.0000,0.0000
9.1731,0.0328,0,0,0,nan,nan,0.00,0.00,0.0,0.0,0,0.0000,0.0000,0,0.0000,0.0000,0.0000
9.2080,0.0349,0,0,0,nan,nan,0.00,0.00,0.0,0.0,0,0.0000,0.0000,0,0.0000,0.0000,0.0000
9.2398,0.0318,0,0,0,nan,nan,0.00,0.00,0.0,0.0,0,0.0000,0.0000,0,0.0000,0.0000,0.0000
9.2728,0.0330,0,0,0,nan,nan,0.00,0.00,0.0,0.0,0,0.0000,0.0000,0,0.0000,0.0000,0.0000
9.3062,0.0334,0,0,0,nan,nan,0.00,0.00,0.0,0.0,0,0.0000,0.0000,0,0.0000,0.0000,0.0000
9.3394,0.0332,0,0,0,nan,nan,0.00,0.00,0.0,0.0,0,0.0000,0.0000,0,0.0000,0.0000,0.0000
9.3727,0.0332,0,0,0,nan,nan,0.00,0.00,0.0,0.0,0,0.0000,0.0000,0,0.0000,0.0000,0.0000
9.4062,0.0336,0,0,0,nan,nan,0.00,0.00,0.0,0.0,0,0.0000,0.0000,0,0.0000,0.0000,0.0000
9.4395,0.0333,0,0,0,nan,nan,0.00,0.00,0.0,0.0,0,0.0000,0.0000,0,0.0000,0.0000,0.0000
9.4727,0.0332,0,0,0,nan,nan,0.00,0.00,0.0,0.0,0,0.0000,0.0000,0,0.0000,0.0000,0.0000
9.5063,0.0335,0,0,0,nan,nan,0.00,0.00,0.0,0.0,0,0.0000,0.0000,0,0.0000,0.0000,0.0000
9.5395,0.0332,0,0,0,nan,nan,0.00,0.00,0.0,0.0,0,0.0000,0.0000,0,0.0000,0.0000,0.0000
9.5726,0.0331,0,0,0,nan,nan,0.00,0.00,0.0,0.0,0,0.0000,0.0000,0,0.0000,0.0000,0.0000
9.6062,0.0335,0,0,0,nan,nan,0.00,0.00,0.0,0.0,0,0.0000,0.0000,0,0.0000,0.0000,0.0000
9.6393,0.0331,0,0,0,nan,nan,0.00,0.00,0.0,0.0,0,0.0000,0.0000,0,0.0000,0.0000,0.0000
9.6725,0.0333,0,0,0,nan,nan,0.00,0.00,0.0,0.0,0,0.0000,0.0000,0,0.0000,0.0000,0.0000
9.7061,0.0335,0,0,0,nan,nan,0.00,0.00,0.0,0.0,0,0.0000,0.0000,0,0.0000,0.0000,0.0000
9.7391,0.0330,0,0,0,nan,nan,0.00,0.00,0.0,0.0,0,0.0000,0.0000,0,0.0000,0.0000,0.0000
9.7725,0.0335,0,0,0,nan,nan,0.00,0.00,0.0,0.0,0,0.0000,0.0000,0,0.0000,0.0000,0.0000
9.8061,0.0335,0,0,0,nan,nan,0.00,0.00,0.0,0.0,0,0.0000,0.0000,0,0.0000,0.0000,0.0000
9.8393,0.0333,0,0,0,nan,nan,0.00,0.00,0.0,0.0,0,0.0000,0.0000,0,0.0000,0.0000,0.0000
9.8723,0.0330,0,0,0,nan,nan,0.00,0.00,0.0,0.0,0,0.0000,0.0000,0,0.0000,0.0000,0.0000
9.9058,0.0335,0,0,0,nan,nan,0.00,0.00,0.0,0.0,0,0.0000,0.0000,0,0.0000,0.0000,0.0000
9.9390,0.0332,0,0,0,nan,nan,0.00,0.00,0.0,0.0,0,0.0000,0.0000,0,0.0000,0.0000,0.0000
9.9727,0.0337,0,0,0,nan,nan,0.00,0.00,0.0,0.0,0,0.0000,0.0000,0,0.0000,0.0000,0.0000
10.0056,0.0329,0,0,0,nan,nan,0.00,0.00,0.0,0.0,0,0.0000,0.0000,0,0.0000,0.0000,0.0000
10.0387,0.0331,0,0,0,nan,nan,0.00,0.00,0.0,0.0,0,0.0000,0.0000,0,0.0000,0.0000,0.0000
10.0721,0.0334,0,0,0,nan,nan,0.00,0.00,0.0,0.0,0,0.0000,0.0000,0,0.0000,0.0000,0.0000
10.1057,0.0336,0,0,0,nan,nan,0.00,0.00,0.0,0.0,0,0.0000,0.0000,0,0.0000,0.0000,0.0000
10.1423,0.0365,0,0,0,nan,nan,0.00,0.00,0.0,0.0,0,0.0000,0.0000,0,0.0000,0.0000,0.0000
10.1724,0.0302,0,0,0,nan,nan,0.00,0.00,0.0,0.0,0,0.0000,0.0000,0,0.0000,0.0000,0.0000
10.2081,0.0357,0,0,0,nan,nan,0.00,0.00,0.0,0.0,0,0.0000,0.0000,0,0.0000,0.0000,0.0000
10.2394,0.0313,0,0,0,nan,nan,0.00,0.00,0.0,0.0,0,0.0000,0.0000,0,0.0000,0.0000,0.0000
10.2720,0.0326,0,0,0,nan,nan,0.00,0.00,0.0,0.0,0,0.0000,0.0000,0,0.0000,0.0000,0.0000
10.3053,0.0333,0,0,0,nan,nan,0.00,0.00,0.0,0.0,0,0.0000,0.0000,0,0.0000,0.0000,0.0000
10.3406,0.0353,0,0,0,nan,nan,0.00,0.00,0.0,0.0,0,0.0000,0.0000,0,0.0000,0.0000,0.0000
10.3721,0.0315,0,0,0,nan,nan,0.00,0.00,0.0,0.0,0,0.0000,0.0000,0,0.0000,0.0000,0.0000
10.4053,0.0332,0,0,0,nan,nan,0.00,0.00,0.0,0.0,0,0.0000,0.0000,0,0.0000,0.0000,0.0000
10.4409,0.0356,0,0,0,nan,nan,0.00,0.00,0.0,0.0,0,0.0000,0.0000,0,0.0000,0.0000,0.0000
10.4723,0.0314,0,0,0,nan,nan,0.00,0.00,0.0,0.0,0,0.0000,0.0000,0,0.0000,0.0000,0.0000
10.5054,0.0332,0,0,0,nan,nan,0.00,0.00,0.0,0.0,0,0.0000,0.0000,0,0.0000,0.0000,0.0000
10.5386,0.0332,0,0,0,nan,nan,0.00,0.00,0.0,0.0,0,0.0000,0.0000,0,0.0000,0.0000,0.0000
10.5716,0.0330,0,0,0,nan,nan,0.00,0.00,0.0,0.0,0,0.0000,0.0000,0,0.0000,0.0000,0.0000
10.6051,0.0335,0,0,0,nan,nan,0.00,0.00,0.0,0.0,0,0.0000,0.0000,0,0.0000,0.0000,0.0000
10.6391,0.0340,0,0,0,nan,nan,0.00,0.00,0.0,0.0,0,0.0000,0.0000,0,0.0000,0.0000,0.0000
10.6721,0.0330,0,0,0,nan,nan,0.00,0.00,0.0,0.0,0,0.0000,0.0000,0,0.0000,0.0000,0.0000
10.7051,0.0330,0,0,0,nan,nan,0.00,0.00,0.0,0.0,0,0.0000,0.0000,0,0.0000,0.0000,0.0000
10.7403,0.0352,0,0,0,nan,nan,0.00,0.00,0.0,0.0,0,0.0000,0.0000,0,0.0000,0.0000,0.0000
10.7723,0.0319,0,0,0,nan,nan,0.00,0.00,0.0,0.0,0,0.0000,0.0000,0,0.0000,0.0000,0.0000
10.8050,0.0328,0,0,0,nan,nan,0.00,0.00,0.0,0.0,0,0.0000,0.0000,0,0.0000,0.0000,0.0000
10.8384,0.0334,0,0,0,nan,nan,0.00,0.00,0.0,0.0,0,0.0000,0.0000,0,0.0000,0.0000,0.0000
10.8713,0.0329,0,0,0,nan,nan,0.00,0.00,0.0,0.0,0,0.0000,0.0000,0,0.0000,0.0000,0.0000
10.9051,0.0338,0,0,0,nan,nan,0.00,0.00,0.0,0.0,0,0.0000,0.0000,0,0.0000,0.0000,0.0000
10.9378,0.0327,0,0,0,nan,nan,0.00,0.00,0.0,0.0,0,0.0000,0.0000,0,0.0000,0.0000,0.0000
10.9720,0.0342,0,0,0,nan,nan,0.00,0.00,0.0,0.0,0,0.0000,0.0000,0,0.0000,0.0000,0.0000
11.0049,0.0329,0,0,0,nan,nan,0.00,0.00,0.0,0.0,0,0.0000,0.0000,0,0.0000,0.0000,0.0000
11.0383,0.0334,0,0,0,nan,nan,0.00,0.00,0.0,0.0,0,0.0000,0.0000,0,0.0000,0.0000,0.0000
11.0711,0.0328,0,0,0,nan,nan,0.00,0.00,0.0,0.0,0,0.0000,0.0000,0,0.0000,0.0000,0.0000
11.1061,0.0350,0,0,0,nan,nan,0.00,0.00,0.0,0.0,0,0.0000,0.0000,0,0.0000,0.0000,0.0000
11.1393,0.0331,0,0,0,nan,nan,0.00,0.00,0.0,0.0,0,0.0000,0.0000,0,0.0000,0.0000,0.0000
11.1721,0.0328,0,0,0,nan,nan,0.00,0.00,0.0,0.0,0,0.0000,0.0000,0,0.0000,0.0000,0.0000
11.2055,0.0334,0,0,0,nan,nan,0.00,0.00,0.0,0.0,0,0.0000,0.0000,0,0.0000,0.0000,0.0000
11.2386,0.0332,0,0,0,nan,nan,0.00,0.00,0.0,0.0,0,0.0000,0.0000,0,0.0000,0.0000,0.0000
11.2710,0.0324,0,0,0,nan,nan,0.00,0.00,0.0,0.0,0,0.0000,0.0000,0,0.0000,0.0000,0.0000
11.3046,0.0336,0,0,0,nan,nan,0.00,0.00,0.0,0.0,0,0.0000,0.0000,0,0.0000,0.0000,0.0000
11.3377,0.0330,0,0,0,nan,nan,0.00,0.00,0.0,0.0,0,0.0000,0.0000,0,0.0000,0.0000,0.0000
11.3713,0.0336,0,0,0,nan,nan,0.00,0.00,0.0,0.0,0,0.0000,0.0000,0,0.0000,0.0000,0.0000
11.4041,0.0328,0,0,0,nan,nan,0.00,0.00,0.0,0.0,0,0.0000,0.0000,0,0.0000,0.0000,0.0000
11.4382,0.0341,0,0,0,nan,nan,0.00,0.00,0.0,0.0,0,0.0000,0.0000,0,0.0000,0.0000,0.0000
11.4710,0.0328,0,0,0,nan,nan,0.00,0.00,0.0,0.0,0,0.0000,0.0000,0,0.0000,0.0000,0.0000
11.5047,0.0337,0,0,0,nan,nan,0.00,0.00,0.0,0.0,0,0.0000,0.0000,0,0.0000,0.0000,0.0000
11.5377,0.0330,0,0,0,nan,nan,0.00,0.00,0.0,0.0,0,0.0000,0.0000,0,0.0000,0.0000,0.0000
11.5713,0.0336,0,0,0,nan,nan,0.00,0.00,0.0,0.0,0,0.0000,0.0000,0,0.0000,0.0000,0.0000
11.6041,0.0328,0,0,0,nan,nan,0.00,0.00,0.0,0.0,0,0.0000,0.0000,0,0.0000,0.0000,0.0000
11.6379,0.0338,0,0,0,nan,nan,0.00,0.00,0.0,0.0,0,0.0000,0.0000,0,0.0000,0.0000,0.0000
11.6707,0.0328,0,0,0,nan,nan,0.00,0.00,0.0,0.0,0,0.0000,0.0000,0,0.0000,0.0000,0.0000
11.7042,0.0335,0,0,0,nan,nan,0.00,0.00,0.0,0.0,0,0.0000,0.0000,0,0.0000,0.0000,0.0000
11.7371,0.0329,0,0,0,nan,nan,0.00,0.00,0.0,0.0,0,0.0000,0.0000,0,0.0000,0.0000,0.0000
11.7710,0.0339,0,0,0,nan,nan,0.00,0.00,0.0,0.0,0,0.0000,0.0000,0,0.0000,0.0000,0.0000
11.8037,0.0327,0,0,0,nan,nan,0.00,0.00,0.0,0.0,0,0.0000,0.0000,0,0.0000,0.0000,0.0000
11.8376,0.0338,0,0,0,nan,nan,0.00,0.00,0.0,0.0,0,0.0000,0.0000,0,0.0000,0.0000,0.0000
11.8710,0.0334,0,0,0,nan,nan,0.00,0.00,0.0,0.0,0,0.0000,0.0000,0,0.0000,0.0000,0.0000
11.9043,0.0334,0,0,0,nan,nan,0.00,0.00,0.0,0.0,0,0.0000,0.0000,0,0.0000,0.0000,0.0000
11.9370,0.0327,0,0,0,nan,nan,0.00,0.00,0.0,0.0,0,0.0000,0.0000,0,0.0000,0.0000,0.0000
11.9731,0.0361,0,0,0,nan,nan,0.00,0.00,0.0,0.0,0,0.0000,0.0000,0,0.0000,0.0000,0.0000
12.0042,0.0312,0,0,0,nan,nan,0.00,0.00,0.0,0.0,0,0.0000,0.0000,0,0.0000,0.0000,0.0000
12.0375,0.0332,0,0,0,nan,nan,0.00,0.00,0.0,0.0,0,0.0000,0.0000,0,0.0000,0.0000,0.0000
12.0703,0.0328,0,0,0,nan,nan,0.00,0.00,0.0,0.0,0,0.0000,0.0000,0,0.0000,0.0000,0.0000
12.1047,0.0344,0,0,0,nan,nan,0.00,0.00,0.0,0.0,0,0.0000,0.0000,0,0.0000,0.0000,0.0000
12.1390,0.0344,0,0,0,nan,nan,0.00,0.00,0.0,0.0,0,0.0000,0.0000,0,0.0000,0.0000,0.0000
12.1714,0.0324,0,0,0,nan,nan,0.00,0.00,0.0,0.0,0,0.0000,0.0000,0,0.0000,0.0000,0.0000
12.2073,0.0359,0,0,0,nan,nan,0.00,0.00,0.0,0.0,0,0.0000,0.0000,0,0.0000,0.0000,0.0000
12.2376,0.0303,0,0,0,nan,nan,0.00,0.00,0.0,0.0,0,0.0000,0.0000,0,0.0000,0.0000,0.0000
12.2706,0.0329,0,0,0,nan,nan,0.00,0.00,0.0,0.0,0,0.0000,0.0000,0,0.0000,0.0000,0.0000
12.3040,0.0335,0,0,0,nan,nan,0.00,0.00,0.0,0.0,0,0.0000,0.0000,0,0.0000,0.0000,0.0000
12.3368,0.0328,0,0,0,nan,nan,0.00,0.00,0.0,0.0,0,0.0000,0.0000,0,0.0000,0.0000,0.0000
12.3706,0.0338,0,0,0,nan,nan,0.00,0.00,0.0,0.0,0,0.0000,0.0000,0,0.0000,0.0000,0.0000
12.4032,0.0326,0,0,0,nan,nan,0.00,0.00,0.0,0.0,0,0.0000,0.0000,0,0.0000,0.0000,0.0000
12.4371,0.0339,0,0,0,nan,nan,0.00,0.00,0.0,0.0,0,0.0000,0.0000,0,0.0000,0.0000,0.0000
12.4700,0.0328,0,0,0,nan,nan,0.00,0.00,0.0,0.0,0,0.0000,0.0000,0,0.0000,0.0000,0.0000
12.5038,0.0338,0,0,0,nan,nan,0.00,0.00,0.0,0.0,0,0.0000,0.0000,0,0.0000,0.0000,0.0000
12.5367,0.0330,0,0,0,nan,nan,0.00,0.00,0.0,0.0,0,0.0000,0.0000,0,0.0000,0.0000,0.0000
12.5704,0.0337,0,0,0,nan,nan,0.00,0.00,0.0,0.0,0,0.0000,0.0000,0,0.0000,0.0000,0.0000
12.6033,0.0329,0,0,0,nan,nan,0.00,0.00,0.0,0.0,0,0.0000,0.0000,0,0.0000,0.0000,0.0000
12.6370,0.0337,0,0,0,nan,nan,0.00,0.00,0.0,0.0,0,0.0000,0.0000,0,0.0000,0.0000,0.0000
12.6697,0.0328,0,0,0,nan,nan,0.00,0.00,0.0,0.0,0,0.0000,0.0000,0,0.0000,0.0000,0.0000
12.7036,0.0339,0,0,0,nan,nan,0.00,0.00,0.0,0.0,0,0.0000,0.0000,0,0.0000,0.0000,0.0000
12.7364,0.0328,0,0,0,nan,nan,0.00,0.00,0.0,0.0,0,0.0000,0.0000,0,0.0000,0.0000,0.0000
12.7703,0.0339,0,0,0,nan,nan,0.00,0.00,0.0,0.0,0,0.0000,0.0000,0,0.0000,0.0000,0.0000
12.8030,0.0327,0,0,0,nan,nan,0.00,0.00,0.0,0.0,0,0.0000,0.0000,0,0.0000,0.0000,0.0000
12.8368,0.0338,0,0,0,nan,nan,0.00,0.00,0.0,0.0,0,0.0000,0.0000,0,0.0000,0.0000,0.0000
12.8698,0.0330,0,0,0,nan,nan,0.00,0.00,0.0,0.0,0,0.0000,0.0000,0,0.0000,0.0000,0.0000
12.9034,0.0336,0,0,0,nan,nan,0.00,0.00,0.0,0.0,0,0.0000,0.0000,0,0.0000,0.0000,0.0000
12.9374,0.0340,0,0,0,nan,nan,0.00,0.00,0.0,0.0,0,0.0000,0.0000,0,0.0000,0.0000,0.0000
12.9711,0.0337,0,0,0,nan,nan,0.00,0.00,0.0,0.0,0,0.0000,0.0000,0,0.0000,0.0000,0.0000
13.0032,0.0321,0,0,0,nan,nan,0.00,0.00,0.0,0.0,0,0.0000,0.0000,0,0.0000,0.0000,0.0000
13.0365,0.0333,0,0,0,nan,nan,0.00,0.00,0.0,0.0,0,0.0000,0.0000,0,0.0000,0.0000,0.0000
13.0694,0.0329,0,0,0,nan,nan,0.00,0.00,0.0,0.0,0,0.0000,0.0000,0,0.0000,0.0000,0.0000
13.1041,0.0347,0,0,0,nan,nan,0.00,0.00,0.0,0.0,0,0.0000,0.0000,0,0.0000,0.0000,0.0000
13.1392,0.0351,0,0,0,nan,nan,0.00,0.00,0.0,0.0,0,0.0000,0.0000,0,0.0000,0.0000,0.0000
13.1712,0.0320,0,0,0,nan,nan,0.00,0.00,0.0,0.0,0,0.0000,0.0000,0,0.0000,0.0000,0.0000
13.2070,0.0358,0,0,0,nan,nan,0.00,0.00,0.0,0.0,0,0.0000,0.0000,0,0.0000,0.0000,0.0000
13.2372,0.0302,0,0,0,nan,nan,0.00,0.00,0.0,0.0,0,0.0000,0.0000,0,0.0000,0.0000,0.0000
13.2694,0.0322,0,0,0,nan,nan,0.00,0.00,0.0,0.0,0,0.0000,0.0000,0,0.0000,0.0000,0.0000
13.3050,0.0356,0,0,0,nan,nan,0.00,0.00,0.0,0.0,0,0.0000,0.0000,0,0.0000,0.0000,0.0000
13.3362,0.0312,0,0,0,nan,nan,0.00,0.00,0.0,0.0,0,0.0000,0.0000,0,0.0000,0.0000,0.0000
13.3696,0.0334,0,0,0,nan,nan,0.00,0.00,0.0,0.0,0,0.0000,0.0000,0,0.0000,0.0000,0.0000
13.4026,0.0330,0,0,0,nan,nan,0.00,0.00,0.0,0.0,0,0.0000,0.0000,0,0.0000,0.0000,0.0000
13.4363,0.0337,0,0,0,nan,nan,0.00,0.00,0.0,0.0,0,0.0000,0.0000,0,0.0000,0.0000,0.0000
13.4692,0.0329,0,0,0,nan,nan,0.00,0.00,0.0,0.0,0,0.0000,0.0000,0,0.0000,0.0000,0.0000
13.5029,0.0337,0,0,0,nan,nan,0.00,0.00,0.0,0.0,0,0.0000,0.0000,0,0.0000,0.0000,0.0000
13.5356,0.0327,0,0,0,nan,nan,0.00,0.00,0.0,0.0,0,0.0000,0.0000,0,0.0000,0.0000,0.0000
13.5693,0.0337,0,0,0,nan,nan,0.00,0.00,0.0,0.0,0,0.0000,0.0000,0,0.0000,0.0000,0.0000
13.6042,0.0349,0,0,0,nan,nan,0.00,0.00,0.0,0.0,0,0.0000,0.0000,0,0.0000,0.0000,0.0000
13.6364,0.0322,0,0,0,nan,nan,0.00,0.00,0.0,0.0,0,0.0000,0.0000,0,0.0000,0.0000,0.0000
13.6689,0.0325,0,0,0,nan,nan,0.00,0.00,0.0,0.0,0,0.0000,0.0000,0,0.0000,0.0000,0.0000
13.7025,0.0337,0,0,0,nan,nan,0.00,0.00,0.0,0.0,0,0.0000,0.0000,0,0.0000,0.0000,0.0000
13.7354,0.0329,0,0,0,nan,nan,0.00,0.00,0.0,0.0,0,0.0000,0.0000,0,0.0000,0.0000,0.0000
13.7691,0.0337,0,0,0,nan,nan,0.00,0.00,0.0,0.0,0,0.0000,0.0000,0,0.0000,0.0000,0.0000
13.8021,0.0329,0,0,0,nan,nan,0.00,0.00,0.0,0.0,0,0.0000,0.0000,0,0.0000,0.0000,0.0000
13.8357,0.0337,0,0,0,nan,nan,0.00,0.00,0.0,0.0,0,0.0000,0.0000,0,0.0000,0.0000,0.0000
13.8690,0.0332,0,0,0,nan,nan,0.00,0.00,0.0,0.0,0,0.0000,0.0000,0,0.0000,0.0000,0.0000
13.9021,0.0332,0,0,0,nan,nan,0.00,0.00,0.0,0.0,0,0.0000,0.0000,0,0.0000,0.0000,0.0000
13.9367,0.0346,0,0,0,nan,nan,0.00,0.00,0.0,0.0,0,0.0000,0.0000,0,0.0000,0.0000,0.0000
13.9693,0.0326,0,0,0,nan,nan,0.00,0.00,0.0,0.0,0,0.0000,0.0000,0,0.0000,0.0000,0.0000
14.0023,0.0329,0,0,0,nan,nan,0.00,0.00,0.0,0.0,0,0.0000,0.0000,0,0.0000,0.0000,0.0000
14.0354,0.0331,0,0,0,nan,nan,0.00,0.00,0.0,0.0,0,0.0000,0.0000,0,0.0000,0.0000,0.0000
14.0688,0.0334,0,0,0,nan,nan,0.00,0.00,0.0,0.0,0,0.0000,0.0000,0,0.0000,0.0000,0.0000
14.1027,0.0340,0,0,0,nan,nan,0.00,0.00,0.0,0.0,0,0.0000,0.0000,0,0.0000,0.0000,0.0000
14.1386,0.0358,0,0,0,nan,nan,0.00,0.00,0.0,0.0,0,0.0000,0.0000,0,0.0000,0.0000,0.0000
14.1691,0.0305,0,0,0,nan,nan,0.00,0.00,0.0,0.0,0,0.0000,0.0000,0,0.0000,0.0000,0.0000
14.2056,0.0365,0,0,0,nan,nan,0.00,0.00,0.0,0.0,0,0.0000,0.0000,0,0.0000,0.0000,0.0000
14.2354,0.0298,0,0,0,nan,nan,0.00,0.00,0.0,0.0,0,0.0000,0.0000,0,0.0000,0.0000,0.0000
14.2687,0.0333,0,0,0,nan,nan,0.00,0.00,0.0,0.0,0,0.0000,0.0000,0,0.0000,0.0000,0.0000
14.3019,0.0333,0,0,0,nan,nan,0.00,0.00,0.0,0.0,0,0.0000,0.0000,0,0.0000,0.0000,0.0000
14.3353,0.0334,0,0,0,nan,nan,0.00,0.00,0.0,0.0,0,0.0000,0.0000,0,0.0000,0.0000,0.0000
14.3683,0.0330,0,0,0,nan,nan,0.00,0.00,0.0,0.0,0,0.0000,0.0000,0,0.0000,0.0000,0.0000
14.4020,0.0337,0,0,0,nan,nan,0.00,0.00,0.0,0.0,0,0.0000,0.0000,0,0.0000,0.0000,0.0000
14.4351,0.0331,0,0,0,nan,nan,0.00,0.00,0.0,0.0,0,0.0000,0.0000,0,0.0000,0.0000,0.0000
14.4685,0.0335,0,0,0,nan,nan,0.00,0.00,0.0,0.0,0,0.0000,0.0000,0,0.0000,0.0000,0.0000
14.5018,0.0332,0,0,0,nan,nan,0.00,0.00,0.0,0.0,0,0.0000,0.0000,0,0.0000,0.0000,0.0000
14.5350,0.0332,0,0,0,nan,nan,0.00,0.00,0.0,0.0,0,0.0000,0.0000,0,0.0000,0.0000,0.0000
14.5683,0.0333,0,0,0,nan,nan,0.00,0.00,0.0,0.0,0,0.0000,0.0000,0,0.0000,0.0000,0.0000
14.6018,0.0335,0,0,0,nan,nan,0.00,0.00,0.0,0.0,0,0.0000,0.0000,0,0.0000,0.0000,0.0000
14.6351,0.0333,0,0,0,nan,nan,0.00,0.00,0.0,0.0,0,0.0000,0.0000,0,0.0000,0.0000,0.0000
14.6685,0.0334,0,0,0,nan,nan,0.00,0.00,0.0,0.0,0,0.0000,0.0000,0,0.0000,0.0000,0.0000
14.7016,0.0331,0,0,0,nan,nan,0.00,0.00,0.0,0.0,0,0.0000,0.0000,0,0.0000,0.0000,0.0000
14.7350,0.0334,0,0,0,nan,nan,0.00,0.00,0.0,0.0,0,0.0000,0.0000,0,0.0000,0.0000,0.0000
14.7684,0.0334,0,0,0,nan,nan,0.00,0.00,0.0,0.0,0,0.0000,0.0000,0,0.0000,0.0000,0.0000
14.8017,0.0334,0,0,0,nan,nan,0.00,0.00,0.0,0.0,0,0.0000,0.0000,0,0.0000,0.0000,0.0000
14.8367,0.0350,0,0,0,nan,nan,0.00,0.00,0.0,0.0,0,0.0000,0.0000,0,0.0000,0.0000,0.0000
14.8686,0.0318,0,0,0,nan,nan,0.00,0.00,0.0,0.0,0,0.0000,0.0000,0,0.0000,0.0000,0.0000
14.9014,0.0329,0,0,0,nan,nan,0.00,0.00,0.0,0.0,0,0.0000,0.0000,0,0.0000,0.0000,0.0000
14.9347,0.0333,0,0,0,nan,nan,0.00,0.00,0.0,0.0,0,0.0000,0.0000,0,0.0000,0.0000,0.0000
14.9683,0.0335,0,0,0,nan,nan,0.00,0.00,0.0,0.0,0,0.0000,0.0000,0,0.0000,0.0000,0.0000
15.0015,0.0333,0,0,0,nan,nan,0.00,0.00,0.0,0.0,0,0.0000,0.0000,0,0.0000,0.0000,0.0000
15.0348,0.0332,0,0,0,nan,nan,0.00,0.00,0.0,0.0,0,0.0000,0.0000,0,0.0000,0.0000,0.0000
15.0690,0.0342,0,0,0,nan,nan,0.00,0.00,0.0,0.0,0,0.0000,0.0000,0,0.0000,0.0000,0.0000
15.1022,0.0331,0,0,0,nan,nan,0.00,0.00,0.0,0.0,0,0.0000,0.0000,0,0.0000,0.0000,0.0000
15.1389,0.0367,0,0,0,nan,nan,0.00,0.00,0.0,0.0,0,0.0000,0.0000,0,0.0000,0.0000,0.0000
15.1687,0.0298,0,0,0,nan,nan,0.00,0.00,0.0,0.0,0,0.0000,0.0000,0,0.0000,0.0000,0.0000
15.2056,0.0369,0,0,0,nan,nan,0.00,0.00,0.0,0.0,0,0.0000,0.0000,0,0.0000,0.0000,0.0000
15.2374,0.0318,0,0,0,nan,nan,0.00,0.00,0.0,0.0,0,0.0000,0.0000,0,0.0000,0.0000,0.0000
15.2686,0.0312,0,0,0,nan,nan,0.00,0.00,0.0,0.0,0,0.0000,0.0000,0,0.0000,0.0000,0.0000
15.3016,0.0330,0,0,0,nan,nan,0.00,0.00,0.0,0.0,0,0.0000,0.0000,0,0.0000,0.0000,0.0000
15.3345,0.0329,0,0,0,nan,nan,0.00,0.00,0.0,0.0,0,0.0000,0.0000,0,0.0000,0.0000,0.0000
15.3678,0.0333,0,0,0,nan,nan,0.00,0.00,0.0,0.0,0,0.0000,0.0000,0,0.0000,0.0000,0.0000
15.4009,0.0331,0,0,0,nan,nan,0.00,0.00,0.0,0.0,0,0.0000,0.0000,0,0.0000,0.0000,0.0000
15.4345,0.0335,0,0,0,nan,nan,0.00,0.00,0.0,0.0,0,0.0000,0.0000,0,0.0000,0.0000,0.0000
15.4678,0.0334,0,0,0,nan,nan,0.00,0.00,0.0,0.0,0,0.0000,0.0000,0,0.0000,0.0000,0.0000
15.5011,0.0333,0,0,0,nan,nan,0.00,0.00,0.0,0.0,0,0.0000,0.0000,0,0.0000,0.0000,0.0000
15.5343,0.0332,0,0,0,nan,nan,0.00,0.00,0.0,0.0,0,0.0000,0.0000,0,0.0000,0.0000,0.0000
15.5676,0.0333,0,0,0,nan,nan,0.00,0.00,0.0,0.0,0,0.0000,0.0000,0,0.0000,0.0000,0.0000
15.6010,0.0334,0,0,0,nan,nan,0.00,0.00,0.0,0.0,0,0.0000,0.0000,0,0.0000,0.0000,0.0000
15.6343,0.0333,0,0,0,nan,nan,0.00,0.00,0.0,0.0,0,0.0000,0.0000,0,0.0000,0.0000,0.0000
15.6677,0.0333,0,0,0,nan,nan,0.00,0.00,0.0,0.0,0,0.0000,0.0000,0,0.0000,0.0000,0.0000
15.7011,0.0335,0,0,0,nan,nan,0.00,0.00,0.0,0.0,0,0.0000,0.0000,0,0.0000,0.0000,0.0000
15.7342,0.0331,0,0,0,nan,nan,0.00,0.00,0.0,0.0,0,0.0000,0.0000,0,0.0000,0.0000,0.0000
15.7673,0.0331,0,0,0,nan,nan,0.00,0.00,0.0,0.0,0,0.0000,0.0000,0,0.0000,0.0000,0.0000
15.8007,0.0334,0,0,0,nan,nan,0.00,0.00,0.0,0.0,0,0.0000,0.0000,0,0.0000,0.0000,0.0000
15.8341,0.0334,0,0,0,nan,nan,0.00,0.00,0.0,0.0,0,0.0000,0.0000,0,0.0000,0.0000,0.0000
15.8675,0.0334,0,0,0,nan,nan,0.00,0.00,0.0,0.0,0,0.0000,0.0000,0,0.0000,0.0000,0.0000
15.9008,0.0333,0,0,0,nan,nan,0.00,0.00,0.0,0.0,0,0.0000,0.0000,0,0.0000,0.0000,0.0000
15.9341,0.0333,0,0,0,nan,nan,0.00,0.00,0.0,0.0,0,0.0000,0.0000,0,0.0000,0.0000,0.0000
15.9674,0.0333,0,0,0,nan,nan,0.00,0.00,0.0,0.0,0,0.0000,0.0000,0,0.0000,0.0000,0.0000
16.0010,0.0336,0,0,0,nan,nan,0.00,0.00,0.0,0.0,0,0.0000,0.0000,0,0.0000,0.0000,0.0000
16.0341,0.0331,0,0,0,nan,nan,0.00,0.00,0.0,0.0,0,0.0000,0.0000,0,0.0000,0.0000,0.0000
16.0671,0.0330,0,0,0,nan,nan,0.00,0.00,0.0,0.0,0,0.0000,0.0000,0,0.0000,0.0000,0.0000
16.1014,0.0343,0,0,0,nan,nan,0.00,0.00,0.0,0.0,0,0.0000,0.0000,0,0.0000,0.0000,0.0000
16.1383,0.0369,0,0,0,nan,nan,0.00,0.00,0.0,0.0,0,0.0000,0.0000,0,0.0000,0.0000,0.0000
16.1680,0.0297,0,0,0,nan,nan,0.00,0.00,0.0,0.0,0,0.0000,0.0000,0,0.0000,0.0000,0.0000
16.2045,0.0365,0,0,0,nan,nan,0.00,0.00,0.0,0.0,0,0.0000,0.0000,0,0.0000,0.0000,0.0000
16.2344,0.0300,0,0,0,nan,nan,0.00,0.00,0.0,0.0,0,0.0000,0.0000,0,0.0000,0.0000,0.0000
16.2671,0.0327,0,0,0,nan,nan,0.00,0.00,0.0,0.0,0,0.0000,0.0000,0,0.0000,0.0000,0.0000
16.3003,0.0333,0,0,0,nan,nan,0.00,0.00,0.0,0.0,0,0.0000,0.0000,0,0.0000,0.0000,0.0000
16.3336,0.0332,0,0,0,nan,nan,0.00,0.00,0.0,0.0,0,0.0000,0.0000,0,0.0000,0.0000,0.0000
16.3669,0.0334,0,0,0,nan,nan,0.00,0.00,0.0,0.0,0,0.0000,0.0000,0,0.0000,0.0000,0.0000
16.4001,0.0332,0,0,0,nan,nan,0.00,0.00,0.0,0.0,0,0.0000,0.0000,0,0.0000,0.0000,0.0000
16.4337,0.0336,0,0,0,nan,nan,0.00,0.00,0.0,0.0,0,0.0000,0.0000,0,0.0000,0.0000,0.0000
16.4682,0.0346,0,0,0,nan,nan,0.00,0.00,0.0,0.0,0,0.0000,0.0000,0,0.0000,0.0000,0.0000
16.5006,0.0323,0,0,0,nan,nan,0.00,0.00,0.0,0.0,0,0.0000,0.0000,0,0.0000,0.0000,0.0000
16.5334,0.0328,0,0,0,nan,nan,0.00,0.00,0.0,0.0,0,0.0000,0.0000,0,0.0000,0.0000,0.0000
16.5666,0.0332,0,0,0,nan,nan,0.00,0.00,0.0,0.0,0,0.0000,0.0000,0,0.0000,0.0000,0.0000
16.6000,0.0334,0,0,0,nan,nan,0.00,0.00,0.0,0.0,0,0.0000,0.0000,0,0.0000,0.0000,0.0000
16.6334,0.0334,0,0,0,nan,nan,0.00,0.00,0.0,0.0,0,0.0000,0.0000,0,0.0000,0.0000,0.0000
16.6669,0.0335,0,0,0,nan,nan,0.00,0.00,0.0,0.0,0,0.0000,0.0000,0,0.0000,0.0000,0.0000
16.7001,0.0332,0,0,0,nan,nan,0.00,0.00,0.0,0.0,0,0.0000,0.0000,0,0.0000,0.0000,0.0000
16.7332,0.0331,0,0,0,nan,nan,0.00,0.00,0.0,0.0,0,0.0000,0.0000,0,0.0000,0.0000,0.0000
16.7667,0.0334,0,0,0,nan,nan,0.00,0.00,0.0,0.0,0,0.0000,0.0000,0,0.0000,0.0000,0.0000
16.8000,0.0333,0,0,0,nan,nan,0.00,0.00,0.0,0.0,0,0.0000,0.0000,0,0.0000,0.0000,0.0000
16.8332,0.0333,0,0,0,nan,nan,0.00,0.00,0.0,0.0,0,0.0000,0.0000,0,0.0000,0.0000,0.0000
16.8665,0.0332,0,0,0,nan,nan,0.00,0.00,0.0,0.0,0,0.0000,0.0000,0,0.0000,0.0000,0.0000
16.8999,0.0334,0,0,0,nan,nan,0.00,0.00,0.0,0.0,0,0.0000,0.0000,0,0.0000,0.0000,0.0000
16.9334,0.0335,0,0,0,nan,nan,0.00,0.00,0.0,0.0,0,0.0000,0.0000,0,0.0000,0.0000,0.0000
16.9675,0.0341,0,0,0,nan,nan,0.00,0.00,0.0,0.0,0,0.0000,0.0000,0,0.0000,0.0000,0.0000
16.9999,0.0324,0,0,0,nan,nan,0.00,0.00,0.0,0.0,0,0.0000,0.0000,0,0.0000,0.0000,0.0000
17.0334,0.0335,0,0,0,nan,nan,0.00,0.00,0.0,0.0,0,0.0000,0.0000,0,0.0000,0.0000,0.0000
17.0668,0.0334,0,0,0,nan,nan,0.00,0.00,0.0,0.0,0,0.0000,0.0000,0,0.0000,0.0000,0.0000
17.0998,0.0330,0,0,0,nan,nan,0.00,0.00,0.0,0.0,0,0.0000,0.0000,0,0.0000,0.0000,0.0000
17.1383,0.0385,0,0,0,nan,nan,0.00,0.00,0.0,0.0,0,0.0000,0.0000,0,0.0000,0.0000,0.0000
17.1674,0.0291,0,0,0,nan,nan,0.00,0.00,0.0,0.0,0,0.0000,0.0000,0,0.0000,0.0000,0.0000
17.2001,0.0327,0,0,0,nan,nan,0.00,0.00,0.0,0.0,0,0.0000,0.0000,0,0.0000,0.0000,0.0000
17.2328,0.0327,0,0,0,nan,nan,0.00,0.00,0.0,0.0,0,0.0000,0.0000,0,0.0000,0.0000,0.0000
17.2674,0.0346,0,0,0,nan,nan,0.00,0.00,0.0,0.0,0,0.0000,0.0000,0,0.0000,0.0000,0.0000
17.2996,0.0321,0,0,0,nan,nan,0.00,0.00,0.0,0.0,0,0.0000,0.0000,0,0.0000,0.0000,0.0000
17.3330,0.0334,0,0,0,nan,nan,0.00,0.00,0.0,0.0,0,0.0000,0.0000,0,0.0000,0.0000,0.0000
17.3659,0.0330,0,0,0,nan,nan,0.00,0.00,0.0,0.0,0,0.0000,0.0000,0,0.0000,0.0000,0.0000
17.3998,0.0339,0,0,0,nan,nan,0.00,0.00,0.0,0.0,0,0.0000,0.0000,0,0.0000,0.0000,0.0000
17.4326,0.0328,0,0,0,nan,nan,0.00,0.00,0.0,0.0,0,0.0000,0.0000,0,0.0000,0.0000,0.0000
17.4664,0.0338,0,0,0,nan,nan,0.00,0.00,0.0,0.0,0,0.0000,0.0000,0,0.0000,0.0000,0.0000
17.4991,0.0327,0,0,0,nan,nan,0.00,0.00,0.0,0.0,0,0.0000,0.0000,0,0.0000,0.0000,0.0000
17.5328,0.0337,0,0,0,nan,nan,0.00,0.00,0.0,0.0,0,0.0000,0.0000,0,0.0000,0.0000,0.0000
17.5658,0.0330,0,0,0,nan,nan,0.00,0.00,0.0,0.0,0,0.0000,0.0000,0,0.0000,0.0000,0.0000
17.5993,0.0335,0,0,0,nan,nan,0.00,0.00,0.0,0.0,0,0.0000,0.0000,0,0.0000,0.0000,0.0000
17.6324,0.0331,0,0,0,nan,nan,0.00,0.00,0.0,0.0,0,0.0000,0.0000,0,0.0000,0.0000,0.0000
17.6671,0.0346,0,0,0,nan,nan,0.00,0.00,0.0,0.0,0,0.0000,0.0000,0,0.0000,0.0000,0.0000
17.7003,0.0332,0,0,0,nan,nan,0.00,0.00,0.0,0.0,0,0.0000,0.0000,0,0.0000,0.0000,0.0000
17.7331,0.0329,0,0,0,nan,nan,0.00,0.00,0.0,0.0,0,0.0000,0.0000,0,0.0000,0.0000,0.0000
17.7656,0.0325,0,0,0,nan,nan,0.00,0.00,0.0,0.0,0,0.0000,0.0000,0,0.0000,0.0000,0.0000
17.8021,0.0365,0,0,0,nan,nan,0.00,0.00,0.0,0.0,0,0.0000,0.0000,0,0.0000,0.0000,0.0000
17.8329,0.0308,0,0,0,nan,nan,0.00,0.00,0.0,0.0,0,0.0000,0.0000,0,0.0000,0.0000,0.0000
17.8657,0.0328,0,0,0,nan,nan,0.00,0.00,0.0,0.0,0,0.0000,0.0000,0,0.0000,0.0000,0.0000
17.8987,0.0331,0,0,0,nan,nan,0.00,0.00,0.0,0.0,0,0.0000,0.0000,0,0.0000,0.0000,0.0000
17.9323,0.0335,0,0,0,nan,nan,0.00,0.00,0.0,0.0,0,0.0000,0.0000,0,0.0000,0.0000,0.0000
17.9656,0.0333,0,0,0,nan,nan,0.00,0.00,0.0,0.0,0,0.0000,0.0000,0,0.0000,0.0000,0.0000
17.9997,0.0341,0,0,0,nan,nan,0.00,0.00,0.0,0.0,0,0.0000,0.0000,0,0.0000,0.0000,0.0000
18.0322,0.0325,0,0,0,nan,nan,0.00,0.00,0.0,0.0,0,0.0000,0.0000,0,0.0000,0.0000,0.0000
18.0654,0.0332,0,0,0,nan,nan,0.00,0.00,0.0,0.0,0,0.0000,0.0000,0,0.0000,0.0000,0.0000
18.1014,0.0360,0,0,0,nan,nan,0.00,0.00,0.0,0.0,0,0.0000,0.0000,0,0.0000,0.0000,0.0000
18.1385,0.0371,0,0,0,nan,nan,0.00,0.00,0.0,0.0,0,0.0000,0.0000,0,0.0000,0.0000,0.0000
18.1680,0.0295,0,0,0,nan,nan,0.00,0.00,0.0,0.0,0,0.0000,0.0000,0,0.0000,0.0000,0.0000
18.1998,0.0318,0,0,0,nan,nan,0.00,0.00,0.0,0.0,0,0.0000,0.0000,0,0.0000,0.0000,0.0000
18.2321,0.0323,0,0,0,nan,nan,0.00,0.00,0.0,0.0,0,0.0000,0.0000,0,0.0000,0.0000,0.0000
18.2651,0.0330,0,0,0,nan,nan,0.00,0.00,0.0,0.0,0,0.0000,0.0000,0,0.0000,0.0000,0.0000
18.2986,0.0335,0,0,0,nan,nan,0.00,0.00,0.0,0.0,0,0.0000,0.0000,0,0.0000,0.0000,0.0000
18.3317,0.0331,0,0,0,nan,nan,0.00,0.00,0.0,0.0,0,0.0000,0.0000,0,0.0000,0.0000,0.0000
18.3653,0.0336,0,0,0,nan,nan,0.00,0.00,0.0,0.0,0,0.0000,0.0000,0,0.0000,0.0000,0.0000
18.3984,0.0331,0,0,0,nan,nan,0.00,0.00,0.0,0.0,0,0.0000,0.0000,0,0.0000,0.0000,0.0000
18.4317,0.0334,0,0,0,nan,nan,0.00,0.00,0.0,0.0,0,0.0000,0.0000,0,0.0000,0.0000,0.0000
18.4651,0.0333,0,0,0,nan,nan,0.00,0.00,0.0,0.0,0,0.0000,0.0000,0,0.0000,0.0000,0.0000
18.4984,0.0333,0,0,0,nan,nan,0.00,0.00,0.0,0.0,0,0.0000,0.0000,0,0.0000,0.0000,0.0000
18.5316,0.0332,0,0,0,nan,nan,0.00,0.00,0.0,0.0,0,0.0000,0.0000,0,0.0000,0.0000,0.0000
18.5649,0.0332,0,0,0,nan,nan,0.00,0.00,0.0,0.0,0,0.0000,0.0000,0,0.0000,0.0000,0.0000
18.5983,0.0334,0,0,0,nan,nan,0.00,0.00,0.0,0.0,0,0.0000,0.0000,0,0.0000,0.0000,0.0000
18.6316,0.0333,0,0,0,nan,nan,0.00,0.00,0.0,0.0,0,0.0000,0.0000,0,0.0000,0.0000,0.0000
18.6648,0.0332,0,0,0,nan,nan,0.00,0.00,0.0,0.0,0,0.0000,0.0000,0,0.0000,0.0000,0.0000
18.6982,0.0334,0,0,0,nan,nan,0.00,0.00,0.0,0.0,0,0.0000,0.0000,0,0.0000,0.0000,0.0000
18.7313,0.0331,0,0,0,nan,nan,0.00,0.00,0.0,0.0,0,0.0000,0.0000,0,0.0000,0.0000,0.0000
18.7649,0.0335,0,0,0,nan,nan,0.00,0.00,0.0,0.0,0,0.0000,0.0000,0,0.0000,0.0000,0.0000
18.7980,0.0331,0,0,0,nan,nan,0.00,0.00,0.0,0.0,0,0.0000,0.0000,0,0.0000,0.0000,0.0000
18.8316,0.0336,0,0,0,nan,nan,0.00,0.00,0.0,0.0,0,0.0000,0.0000,0,0.0000,0.0000,0.0000
18.8646,0.0331,0,0,0,nan,nan,0.00,0.00,0.0,0.0,0,0.0000,0.0000,0,0.0000,0.0000,0.0000
18.8982,0.0335,0,0,0,nan,nan,0.00,0.00,0.0,0.0,0,0.0000,0.0000,0,0.0000,0.0000,0.0000
18.9314,0.0332,0,0,0,nan,nan,0.00,0.00,0.0,0.0,0,0.0000,0.0000,0,0.0000,0.0000,0.0000
18.9650,0.0336,0,0,0,nan,nan,0.00,0.00,0.0,0.0,0,0.0000,0.0000,0,0.0000,0.0000,0.0000
18.9979,0.0329,0,0,0,nan,nan,0.00,0.00,0.0,0.0,0,0.0000,0.0000,0,0.0000,0.0000,0.0000
19.0314,0.0335,0,0,0,nan,nan,0.00,0.00,0.0,0.0,0,0.0000,0.0000,0,0.0000,0.0000,0.0000
19.0645,0.0331,0,0,0,nan,nan,0.00,0.00,0.0,0.0,0,0.0000,0.0000,0,0.0000,0.0000,0.0000
19.0984,0.0339,0,0,0,nan,nan,0.00,0.00,0.0,0.0,0,0.0000,0.0000,0,0.0000,0.0000,0.0000
19.1399,0.0415,0,0,0,nan,nan,0.00,0.00,0.0,0.0,0,0.0000,0.0000,0,0.0000,0.0000,0.0000
19.1666,0.0267,0,0,0,nan,nan,0.00,0.00,0.0,0.0,0,0.0000,0.0000,0,0.0000,0.0000,0.0000
19.1998,0.0332,0,0,0,nan,nan,0.00,0.00,0.0,0.0,0,0.0000,0.0000,0,0.0000,0.0000,0.0000
19.2334,0.0336,0,0,0,nan,nan,0.00,0.00,0.0,0.0,0,0.0000,0.0000,0,0.0000,0.0000,0.0000
19.2647,0.0313,0,0,0,nan,nan,0.00,0.00,0.0,0.0,0,0.0000,0.0000,0,0.0000,0.0000,0.0000
19.2978,0.0331,0,0,0,nan,nan,0.00,0.00,0.0,0.0,0,0.0000,0.0000,0,0.0000,0.0000,0.0000
19.3308,0.0329,0,0,0,nan,nan,0.00,0.00,0.0,0.0,0,0.0000,0.0000,0,0.0000,0.0000,0.0000
19.3644,0.0336,0,0,0,nan,nan,0.00,0.00,0.0,0.0,0,0.0000,0.0000,0,0.0000,0.0000,0.0000
19.3977,0.0333,0,0,0,nan,nan,0.00,0.00,0.0,0.0,0,0.0000,0.0000,0,0.0000,0.0000,0.0000
19.4310,0.0333,0,0,0,nan,nan,0.00,0.00,0.0,0.0,0,0.0000,0.0000,0,0.0000,0.0000,0.0000
19.4640,0.0330,0,0,0,nan,nan,0.00,0.00,0.0,0.0,0,0.0000,0.0000,0,0.0000,0.0000,0.0000
