dt,dt_detection,dt_estimation,dt_control,dt_actuation
1.0559997463133186e-06,0.7709821450007439,2.720399970712606e-05,2.2721998902852647e-05,0.0
0.7711101439999766,0.026732459000413655,2.2665999495075084e-05,8.544400043319911e-05,0.0
0.026907588999165455,0.03210645799845224,2.2741000066162087e-05,1.8667000404093415e-05,0.0
0.032211976000326104,0.032824697000251035,2.159300129278563e-05,2.1666000975528732e-05,0.0
0.032930714000031,0.03297290000045905,2.2352000087266788e-05,1.766599962138571e-05,0.0
0.033074159000534564,0.03414259900091565,2.3055999918142334e-05,2.024000059464015e-05,0.0
0.03425176499877125,0.032562586000494775,2.5000001187436283e-05,1.6443998902104795e-05,0.0
0.032685031001165044,0.033262009999816655,2.7333000616636127e-05,2.0981000488973223e-05,0.0
0.03337821300010546,0.03466931899856718,1.8555998394731432e-05,1.564800004416611e-05,0.0
0.03476615199906519,0.032089162999909604,1.929600148287136e-05,1.2888998753624037e-05,0.0
0.032183606001126464,0.032445234999613604,1.8018001355812885e-05,1.4943998394301161e-05,0.0
0.03254180899966741,0.03335954599970137,2.051800038316287e-05,3.7203000829322264e-05,0.0
0.03348121199996967,0.0333145839995268,1.6685000446159393e-05,1.259199962078128e-05,0.0
0.033403860999897006,0.03507965099925059,4.283300040697213e-05,1.4056000509299338e-05,0.0
0.035207261998948525,0.03181886599850259,1.842600067902822e-05,1.3389000741881318e-05,0.0
0.031914181001411634,0.032885474000067916,1.774100019247271e-05,1.2906999472761527e-05,0.0
0.03297910399851389,0.032995880999806104,2.0426001356099732e-05,1.3963001038064249e-05,0.0
0.03309769500083348,0.035709259998839116,1.6833000699989498e-05,1.2167000022600405e-05,0.0
0.0358053710006061,0.03624707300150476,1.9888999304384924e-05,1.4462999388342723e-05,0.0
0.03634403599971847,0.030226001999835717,1.8000000636675395e-05,1.48150011227699e-05,0.0
0.03032259399878967,0.03184242300085316,1.813000017136801e-05,1.3703998774872161e-05,0.0
0.031938033000187716,0.032435846000225865,1.8480999642633833e-05,1.3110999134369195e-05,0.0
0.03253434600082983,0.03291195599922503,1.8758999431156553e-05,1.32589993881993e-05,0.0
0.03301115800059051,0.03353534200141439,1.870300002337899e-05,1.3315000614966266e-05,0.0
0.03362987899890868,0.03344471299897123,2.2500000341096893e-05,1.5147999874898233e-05,0.0
0.03355032400031632,0.033847786000478663,2.001899883907754e-05,1.348100158793386e-05,0.0
0.03394415500042669,0.03258699400066689,1.82959993253462e-05,1.449999945180025e-05,0.0
0.03274477099876094,0.03363076700043166,1.994400008697994e-05,1.3259001207188703e-05,0.0
0.033728008000252885,0.032767622000392294,1.977800093300175e-05,1.3741000657319091e-05,0.0
0.03286606599976949,0.03319491799993557,1.924099888128694e-05,1.327800055150874e-05,0.0
0.0332898060005391,0.03344093499981682,2.1091998860356398e-05,1.3703000149689615e-05,0.0
0.03354830500029493,0.033807544999945094,1.973999860638287e-05,1.385200084769167e-05,0.0
0.03390602599938575,0.032385976001023664,1.953699938894715e-05,1.3795999620924704e-05,0.0
0.03248423500008357,0.03340834299888229,2.0204000975354575e-05,1.4536999515257776e-05,0.0
0.033513026999571593,0.03305795399865019,2.0278001102269627e-05,1.3610999303637072e-05,0.0
0.03315671400014253,0.03320952899957774,1.9962999431299977e-05,1.3204000424593687e-05,0.0
0.03331162100039364,0.033277121001447085,2.157400012947619e-05,1.4073999409447424e-05,0.0
0.03338976800114324,0.033820600001490675,1.9352000890648924e-05,1.3648001186084002e-05,0.0
0.03392339599849947,0.03275169700100378,1.9499999325489625e-05,1.288900057261344e-05,0.0
0.03290056700097921,0.033345121000820654,1.9981000150437467e-05,1.4573999578715302e-05,0.0
0.033445342000050005,0.03299810300086392,1.9721999706234783e-05,1.3093000234221108e-05,0.0
0.0330940659987391,0.03317725099987001,1.94629992620321e-05,1.3833998309564777e-05,0.0
0.03327265800180612,0.03344523099985963,1.975899976969231e-05,1.3759001376456581e-05,0.0
0.033542785999088665,0.03379810099977476,1.9832999896607362e-05,1.3222001143731177e-05,0.0
0.03392624799926125,0.03259345700098493,2.0370000129332766e-05,5.8536999858915806e-05,0.0
0.03274929000144766,0.0328879919998144,1.9610999515862204e-05,1.327800055150874e-05,0.0
0.0329846959994029,0.033448305001002154,2.035200122918468e-05,1.346200042462442e-05,0.0
0.03354710100029479,0.033411084001272684,1.9241000700276345e-05,1.2407999747665599e-05,0.0
0.033505360999697587,0.0426078829987091,1.9295999663881958e-05,1.3222001143731177e-05,0.0
0.04270956800064596,0.02631953399941267,1.8462998923496343e-05,1.357400105916895e-05,0.0
0.02641432999917015,0.036041332999957376,1.948099998116959e-05,1.4647999705630355e-05,0.0
0.03614135200041346,0.03000661399892124,2.0517998564173467e-05,1.4222001482266933e-05,0.0
0.030117021000478417,0.03127659100027813,1.9832999896607362e-05,1.3739998394157737e-05,0.0
0.031382867999127484,0.032875844999580295,1.898099981190171e-05,1.383400012855418e-05,0.0
0.03297380699950736,0.034889984999608714,2.0981000488973223e-05,1.4055000065127388e-05,0.0
0.03498994800065702,0.03157531199940422,1.940700167324394e-05,1.3056000170763582e-05,0.0
0.03168475600068632,0.033935043999008485,1.9295999663881958e-05,1.3777000276604667e-05,0.0
0.034039210999253555,0.03483489300015208,2.074000076390803e-05,1.3480999768944457e-05,0.0
0.03494198500084167,0.031132906000493676,1.9871000404236838e-05,1.3480999768944457e-05,0.0
0.03122966499904578,0.032981657999698655,1.936999979079701e-05,1.3721999494009651e-05,0.0
0.03308039900002768,0.03296395600045798,1.985100061574485e-05,1.353699917672202e-05,0.0
0.033068548000301234,0.03347899100117502,2.0296000002417713e-05,1.4629998986492865e-05,0.0
0.03358154499983357,0.03406330299912952,2.0203000531182624e-05,1.4629000361310318e-05,0.0
0.03416309900057968,0.032569790000707144,2.079600017168559e-05,1.414800135535188e-05,0.0
0.032672882998667774,0.032828437000716804,2.1814999854541384e-05,1.4833000022917986e-05,0.0
0.032938196000031894,0.03318663999925775,1.9241000700276345e-05,1.4371000361279584e-05,0.0
0.03328519500064431,0.0330190290005703,2.0129000404267572e-05,1.3647999367094599e-05,0.0
0.033115768999778084,0.03342436099956103,2.1926000044913962e-05,1.4704000932397321e-05,0.0
0.03352789800010214,0.03397785899869632,1.9573999452404678e-05,1.3462999049806967e-05,0.0
0.034087988000464975,0.03301234399987152,1.990799864870496e-05,1.3369999578571878e-05,0.0
0.03310834399962914,0.032811770999614964,2.0703000700450502e-05,1.3351000234251842e-05,0.0
0.03291280700068455,0.033086306999393855,1.8536999050411396e-05,1.2981001418665983e-05,0.0
0.033206490999873495,0.03436141299971496,2.0019000658066943e-05,1.48150011227699e-05,0.0
0.03446132099998067,0.03334473200084176,2.3074000637279823e-05,1.4295999790192582e-05,0.0
0.033447674999479204,0.03182371900038561,1.9723000150406733e-05,1.3295999451656826e-05,0.0
0.031921644000249216,0.033281657999395975,1.8573999113868922e-05,1.3425998986349441e-05,0.0
0.033381788000042434,0.03315732500050217,2.0093000784981996e-05,1.383400012855418e-05,0.0
0.033255454000027385,0.033818100000644336,2.003699955821503e-05,1.585100108059123e-05,0.0
0.03391982199900667,0.039166025000668014,2.4500001018168405e-05,1.6297000911436044e-05,0.0
0.03928439500123204,0.028306990998316905,2.0407000192790292e-05,1.5629000699846074e-05,0.0
0.028407064999555587,0.032529698000871576,2.1370000467868522e-05,1.6537000192329288e-05,0.0
0.032638992999636685,0.032828104000145686,2.014799974858761e-05,1.2815000445698388e-05,0.0
0.032931936999375466,0.032955955000943504,1.9315000827191398e-05,1.3593000403488986e-05,0.0
0.03305328800161078,0.03330952799842635,1.966600029845722e-05,1.351899845758453e-05,0.0
0.03341311999975005,0.03293764000045485,1.911100116558373e-05,1.3110999134369195e-05,0.0
0.03304021499934606,0.034276005999345216,2.0556000890792347e-05,1.3796001439914107e-05,0.0
0.034382616000584676,0.03227066199906403,2.0093000784981996e-05,1.300000076298602e-05,0.0
0.03236925399869506,0.03311071400094079,1.816600160964299e-05,1.288900057261344e-05,0.0
0.033203529001184506,0.03321158400103741,1.89260008482961e-05,1.2647999028558843e-05,0.0
0.03330465699946217,0.03325675099949876,1.9834000340779312e-05,1.3351998859434389e-05,0.0
0.03351308300079836,0.032998695998685434,1.9797000277321786e-05,1.4592000297852792e-05,0.0
0.03309658499892976,0.033848359000330674,1.900000097521115e-05,1.3184999261284247e-05,0.0
0.03394600700084993,0.03262645700124267,2.070399932563305e-05,1.4721999832545407e-05,0.0
0.032733512000049814,0.03299049199995352,1.9167000573361292e-05,1.3573999240179546e-05,0.0
0.033088620999478735,0.03522559500015632,1.9648001398309134e-05,1.4166000255499966e-05,0.0
0.035324947000844986,0.031343591001132154,1.9888000679202378e-05,1.3036999007454142e-05,0.0
0.031447515999389,0.03336821300035808,1.9611001334851608e-05,1.3591999959317036e-05,0.0
0.033464230999015854,0.033303954000075464,1.9629000234999694e-05,1.3500000932253897e-05,0.0
0.033407750001060776,0.032986510999762686,2.0407000192790292e-05,1.2443999366951175e-05,0.0
0.033084122000218485,0.033168658999784384,1.8593000277178362e-05,1.3091999790049158e-05,0.0
0.033263731998886215,0.03395522900063952,1.953699938894715e-05,1.3684999430552125e-05,0.0
0.034060859001328936,0.03276656700109015,1.890800012915861e-05,1.3555001714848913e-05,0.0
0.032862751999346074,0.032844364000993664,2.005600072152447e-05,1.288900057261344e-05,0.0
0.03293960299924947,0.03534826099894417,2.035100078501273e-05,1.4556000678567216e-05,0.0
0.03544990900081757,0.031262182999853394,1.9518998669809662e-05,1.3204000424593687e-05,0.0
0.031366516999696614,0.0329904929985787,6.368499998643529e-05,1.4111001291894354e-05,0.0
0.0331330839999282,0.033422083000914427,2.4925999241531827e-05,1.4999999621068127e-05,0.0
0.03352654599984817,0.03368908199990983,1.8480999642633833e-05,1.3093000234221108e-05,0.0
0.03378269300083048,0.03897750800024369,2.4148001102730632e-05,1.5129999155760743e-05,0.0
0.039099600000554346,0.028222009999808506,2.022199987550266e-05,1.4666000424767844e-05,0.0
0.028321267998762778,0.03329936199952499,1.9999999494757503e-05,1.4296001609181985e-05,0.0
0.0333983430009539,0.03185093999854871,1.90739992831368e-05,1.3037000826443546e-05,0.0
0.031947069999660016,0.033130898998933844,1.974099905055482e-05,1.3666998711414635e-05,0.0
0.033235343000342255,0.03313519600123982,1.8832999558071606e-05,1.3406999642029405e-05,0.0
0.033236731998840696,0.03315058400039561,1.929600148287136e-05,1.2554999557323754e-05,0.0
0.03325441700144438,0.034508802000345895,2.681499972823076e-05,1.9518000044627115e-05,0.0
0.03464218999943114,0.03926748800040514,2.311100070073735e-05,1.60550007421989e-05,0.0
0.03938209899934009,0.03470085699882475,2.2480999177787453e-05,1.64440007210942e-05,0.0
0.03481572700002289,0.031803182000658126,2.0388999473652802e-05,1.385200084769167e-05,0.0
0.031902310000077705,0.029303728000741103,1.9537001207936555e-05,1.4610999642172828e-05,0.0
0.02940120899984322,0.030750204001378734,1.974099905055482e-05,1.3647999367094599e-05,0.0
0.030846999999994296,0.03281751199938299,2.0130000848439522e-05,1.4185001418809406e-05,0.0
0.03291680800066388,0.0327785670015146,1.953699938894715e-05,1.414800135535188e-05,0.0
0.03287538099903031,0.03322789900084899,2.033400051004719e-05,1.2796999726560898e-05,0.0
0.033372084000802715,0.033143361999464105,1.9888999304384924e-05,1.3795999620924704e-05,0.0
0.03323882400036382,0.03316843599895947,1.9017999875359237e-05,1.3296999895828776e-05,0.0
0.03327002900005027,0.033101584000178264,2.0018000213894993e-05,1.3425998986349441e-05,0.0
0.033200120999026694,0.03334843499942508,2.1035999452578835e-05,1.3295999451656826e-05,0.0
0.03344499000013457,0.03334037999957218,1.9425999198574573e-05,1.2647999028558843e-05,0.0
0.03343638000114879,0.03322306500012928,1.9907000023522414e-05,1.3204000424593687e-05,0.0
0.03337260199987213,0.03322152900000219,1.9907000023522414e-05,1.357400105916895e-05,0.0
0.03332100899933721,0.03315267700054392,1.9834000340779312e-05,1.329600127064623e-05,0.0
0.03324888099996315,0.03314441800102941,2.0277999283280224e-05,1.3741000657319091e-05,0.0
0.033243898000364425,0.0333738049994281,2.0110999685130082e-05,1.3869999747839756e-05,0.0
0.03347086099893204,0.03330671299954702,2.1444000594783574e-05,1.314799919782672e-05,0.0
0.033405750000383705,0.03304750999996031,1.9295999663881958e-05,1.3130000297678635e-05,0.0
0.03315034400111472,0.033512841999254306,2.044400025624782e-05,1.314799919782672e-05,0.0
0.03361722999943595,0.03376624900010938,1.8574000932858326e-05,1.287099985347595e-05,0.0
0.03385856400018383,0.03959732000112126,2.1184998331591487e-05,1.3925000530434772e-05,0.0
0.03970409700013988,0.02833165700030804,1.898099981190171e-05,1.3943999874754809e-05,0.0
0.02842915699875448,0.03335743500065291,2.031499934673775e-05,1.3093000234221108e-05,0.0
0.03345606500079157,0.03104614699986996,2.366599983361084e-05,1.440800042473711e-05,0.0
0.0311948870003107,0.03324534300008963,1.9759001588681713e-05,1.3148999641998671e-05,0.0
0.03334412100048212,0.033086436000303365,1.9815000996459275e-05,1.4944000213290565e-05,0.0
0.033186250999278855,0.03309084300053655,2.022199987550266e-05,1.32589993881993e-05,0.0
0.03319519499927992,0.03313004700066813,1.920300019264687e-05,1.4167000699671917e-05,0.0
0.03322906500034151,0.03330325000024459,1.898099981190171e-05,1.3981998563394882e-05,0.0
0.033401213000615826,0.03309276999971189,2.0166000467725098e-05,1.4167000699671917e-05,0.0
0.03319852899949183,0.03316063999955077,1.964799957931973e-05,1.3426000805338845e-05,0.0
0.03325893600049312,0.03330651000032958,1.9463001081021503e-05,1.3482000213116407e-05,0.0
0.033409786999982316,0.03305714099951729,2.020299871219322e-05,1.298200004384853e-05,0.0
0.03315506499893672,0.03333978800037585,2.035200122918468e-05,1.3369999578571878e-05,0.0
0.03343745399979525,0.03312236199963081,1.9704000806086697e-05,1.357400105916895e-05,0.0
0.03321956600120757,0.03323260199977085,1.9869999960064888e-05,1.3906999811297283e-05,0.0
0.03333997200024896,0.03308884400030365,1.8591999833006412e-05,1.3981998563394882e-05,0.0
0.03318602899889811,0.03331997299937939,1.8778000594465993e-05,1.3537000995711423e-05,0.0
0.033416361000490724,0.03311439900062396,1.9851999240927398e-05,1.2684999092016369e-05,0.0
0.03321763900021324,0.03342684200106305,1.9537001207936555e-05,1.3666000086232089e-05,0.0
0.03352389800056699,0.033141324998723576,1.9111999790766276e-05,1.32589993881993e-05,0.0
0.03324554699975124,0.03459193099843105,2.0092000340810046e-05,1.355600034003146e-05,0.0
0.0346889310003462,0.03206956999929389,2.0536999727482907e-05,1.381499896524474e-05,0.0
0.03217538399985642,0.033058231998438714,2.0425000911927782e-05,1.3963001038064249e-05,0.0
0.033156640000015614,0.03311240000039106,1.849999898695387e-05,1.413000063621439e-05,0.0
0.03321141699962027,0.03418617299939797,1.9443999917712063e-05,1.4297000234364532e-05,0.0
0.034285395000551944,0.03261478999957035,2.0092998965992592e-05,1.3463000868796371e-05,0.0
0.03271325199966668,0.03306473299926438,2.033400051004719e-05,1.3759001376456581e-05,0.0
0.033161287999973865,0.03298001099938119,1.8945000192616135e-05,1.314799919782672e-05,0.0
0.033078528998885304,0.03386589700130571,1.8758999431156553e-05,1.3371000022743829e-05,0.0
0.03395995200116886,0.041016649000084726,2.2628999431617558e-05,1.5519000953645445e-05,0.0
0.04112879599961161,0.027664474999255617,2.0129000404267572e-05,1.4315000953502022e-05,0.0
0.027764566999394447,0.033001825999235734,1.9518000044627115e-05,1.4018000001669861e-05,0.0
0.033098288000473985,0.0310544439998921,1.8741000531008467e-05,1.3352000678423792e-05,0.0
0.03115499900013674,0.03286186299919791,1.9443999917712063e-05,1.4018998626852408e-05,0.0
0.03295941800024593,0.0329383999996935,2.0462999600567855e-05,1.3610999303637072e-05,0.0
0.033036585000445484,0.033407806000468554,1.948099998116959e-05,1.3685001249541529e-05,0.0
0.03350330499961274,0.03304500999911397,2.001899883907754e-05,1.5186000382527709e-05,0.0
0.03315608499906375,0.03403333999995084,2.1036999896750785e-05,1.3148001016816124e-05,0.0
0.034130877000279725,0.032594252999842865,1.9167000573361292e-05,1.3314000170794316e-05,0.0
0.03268990000105987,0.033151010000437964,1.992599936784245e-05,1.4258999726735055e-05,0.0
0.03325523199964664,0.03312506600013876,1.8796001313603483e-05,1.3537000995711423e-05,0.0
0.03321956599938858,0.03513879999991332,2.1314999685273506e-05,1.3667000530404039e-05,0.0
0.035389038999710465,0.03245647599942458,1.935199907165952e-05,1.4258999726735055e-05,0.0
0.032559790000959765,0.033342601998811006,1.9630000679171644e-05,1.420399894414004e-05,0.0
0.033442860998547985,0.03340660199864942,1.9315000827191398e-05,1.3647999367094599e-05,0.0
0.03350395400048001,0.031972791999578476,2.031499934673775e-05,1.3703998774872161e-05,0.0
0.03207036599997082,0.033056529000532464,1.8944001567433588e-05,1.316700036113616e-05,0.0
0.0331553249998251,0.0331060480002634,1.9499999325489625e-05,1.4258999726735055e-05,0.0
0.03320941700076219,0.033129158000519965,2.2202999389264733e-05,1.5240000720950775e-05,0.0
0.03323512099996151,0.03391082199959783,1.838899879658129e-05,1.288900057261344e-05,0.0
0.03400563700051862,0.034916041000542464,2.072200004477054e-05,1.4332999853650108e-05,0.0
0.03502291099903232,0.031085091999557335,1.9314000383019447e-05,1.3074000889901072e-05,0.0
0.031187684000542504,0.03312069499952486,1.9129998690914363e-05,1.4055000065127388e-05,0.0
0.03321608399892284,0.03340773099989747,1.7907999790622853e-05,1.3203998605604284e-05,0.0
0.03350202700130467,0.03345356399950106,1.953699938894715e-05,1.3815000784234144e-05,0.0
0.03354986100021051,0.0340356549986609,2.0425000911927782e-05,1.438899926142767e-05,0.0
0.034140709998609964,0.032235661999948206,1.9962999431299977e-05,1.3851999028702267e-05,0.0
0.03233277300023474,0.032826881999426405,6.91660006850725e-05,1.5276998965418898e-05,0.0
0.03298830700077815,0.03376628600017284,1.8425998860038817e-05,1.2926000636070967e-05,0.0
0.03386730400052329,0.04168057200149633,1.927800076373387e-05,1.262900150322821e-05,0.0
0.04177242399964598,0.026457256000867346,2.0315001165727153e-05,1.4018000001669861e-05,0.0
0.026553514999250183,0.03370354500111716,2.307399881829042e-05,1.4926001313142478e-05,0.0
0.03381523000098241,0.031007072999273078,1.996300125028938e-05,1.3851999028702267e-05,0.0
0.031111776999750873,0.032381606000853935,2.1296998966136016e-05,1.3962999219074845e-05,0.0
0.03248603099928005,0.03356406499915465,2.012999902945012e-05,1.353699917672202e-05,0.0
0.03366678600104933,0.03300593700078025,2.07029988814611e-05,1.3593000403488986e-05,0.0
0.033103750998634496,0.03322299200044654,1.8834000002243556e-05,1.3352000678423792e-05,0.0
0.03334923200054618,0.03390921099889965,2.0203000531182624e-05,1.3647999367094599e-05,0.0
0.03400671099916508,0.032730049000747385,1.9686000086949207e-05,1.316599991696421e-05,0.0
0.032826252001541434,0.03277002999857359,1.8630000340635888e-05,1.4129998817224987e-05,0.0
0.0328662149986485,0.03465828300068097,2.11669994314434e-05,1.438899926142767e-05,0.0
0.03476278200105298,0.032494142000359716,2.0684999981313013e-05,1.3463000868796371e-05,0.0
0.032591289998890716,0.03289727100127493,2.0573999790940434e-05,1.3889000911149196e-05,0.0
0.033013011001457926,0.03389609999976528,1.966700074262917e-05,1.4074001228436828e-05,0.0
0.03400359999977809,0.03268415999991703,1.955500010808464e-05,1.4000001101521775e-05,0.0
0.03278208600022481,0.03279206700062787,1.9797000277321786e-05,1.3980999938212335e-05,0.0
0.03289410299839801,0.03354932399997779,1.9721999706234783e-05,1.4814999303780496e-05,0.0
0.03365417600070941,0.032750623000538326,2.0852001398452558e-05,1.3741000657319091e-05,0.0
0.032848974000444287,0.03343874999882246,1.8834000002243556e-05,1.381499896524474e-05,0.0
0.03354100899923651,0.033149102000606945,1.93880005099345e-05,1.4666000424767844e-05,0.0
0.03324556500047038,0.03348402700066799,1.8963000911753625e-05,1.3573999240179546e-05,0.0
0.0335809349999181,0.03305930699934834,1.9110999346594326e-05,1.4334000297822058e-05,0.0
0.033162677000291296,0.03341019399886136,1.877799877547659e-05,1.3593000403488986e-05,0.0
0.03350763799971901,0.033487120001154835,1.9445000361884013e-05,1.412900019204244e-05,0.0
0.03358950899928459,0.03345493500091834,2.0573999790940434e-05,1.3704000593861565e-05,0.0
0.033552916000189725,0.03296754799885093,2.0554998627630994e-05,1.3704000593861565e-05,0.0
0.03306484400127374,0.03304212199873291,1.9833001715596765e-05,1.3648001186084002e-05,0.0
0.033145250999950804,0.034848688999773,2.5036999431904405e-05,1.650000012887176e-05,0.0
0.03496572599942738,0.03202482900087489,2.0240999219822697e-05,1.3240000043879263e-05,0.0
0.03212053199968068,0.04222427400054585,2.5610999728087336e-05,1.7370000932714902e-05,0.0
0.04233677400043234,0.02705573599996569,2.129600034095347e-05,1.355600034003146e-05,0.0
0.027163586999449763,0.03342737999992096,2.074100120807998e-05,1.3648001186084002e-05,0.0
0.03353121300096973,0.030389593999643694,2.0389001292642206e-05,1.3907001630286686e-05,0.0
0.030490760998873156,0.03248797599917452,1.8647999240783975e-05,1.383400012855418e-05,0.0
0.032583789999989676,0.03298721499959356,1.9297000108053908e-05,1.3703000149689615e-05,0.0
0.033090343000367284,0.03439635799986718,1.9795999833149835e-05,1.4463001207332127e-05,0.0
0.0344965799995407,0.03366421200007608,1.975899976969231e-05,1.4129998817224987e-05,0.0
0.03376197100078571,0.03207582899995032,1.9332999727339484e-05,1.4147999536362477e-05,0.0
0.032174866000787006,0.032730994000303326,1.916699875437189e-05,1.4055000065127388e-05,0.0
0.032827677998284344,0.03332554600092408,1.8074000763590448e-05,1.3777000276604667e-05,0.0
0.03342210200025875,0.03346682399933343,1.920300019264687e-05,1.285199869016651e-05,0.0
0.033561619000465726,0.0331456399999297,2.077699900837615e-05,1.3241000488051213e-05,0.0
0.03324415899987798,0.03312656599882757,1.920400063681882e-05,1.2702999811153859e-05,0.0
0.033228787000552984,0.0334078790001513,2.005600072152447e-05,1.300000076298602e-05,0.0
0.03350269499969727,0.03312767699935648,2.0536999727482907e-05,1.3295999451656826e-05,0.0
0.03322669500084885,0.03307667700028105,1.9702998542925343e-05,1.3648001186084002e-05,0.0
0.03318084299826296,0.034224246999656316,2.1388999812188558e-05,1.4055000065127388e-05,0.0
0.03432604299996456,0.03269803100010904,2.1240999558358453e-05,1.387000156682916e-05,0.0
0.03279764100079774,0.03281404900008056,1.9889001123374328e-05,1.3406999642029405e-05,0.0
0.03291836300013529,0.033336676000544685,1.953699938894715e-05,1.3408000086201355e-05,0.0
0.03343284299990046,0.03321267699902819,2.0296000002417713e-05,1.346200042462442e-05,0.0
0.03330997299963201,0.03325476899954083,1.9704000806086697e-05,1.4555998859577812e-05,0.0
0.033352546000969596,0.033240509999814094,1.920300019264687e-05,1.3333999959286302e-05,0.0
0.033344972998747835,0.03330406500026584,2.061099985439796e-05,1.316700036113616e-05,0.0
0.0334012690000236,0.03318519599997671,2.0573999790940434e-05,1.3352000678423792e-05,0.0
0.033290991001194925,0.03312813999946229,2.0092000340810046e-05,1.4684999769087881e-05,0.0
0.03323337999972864,0.03309804700074892,1.9463001081021503e-05,1.4036999345989898e-05,0.0
0.03319473199917411,0.033239251000850345,1.916599831019994e-05,1.3314000170794316e-05,0.0
0.033335436000925256,0.03380032300083258,2.0073999621672556e-05,1.3036999007454142e-05,0.0
0.03390243399917381,0.043397473000368336,1.9406999854254536e-05,1.3962999219074845e-05,0.0
0.04349815800014767,0.026599607999742148,1.9815000996459275e-05,1.3741000657319091e-05,0.0
0.026697904000684503,0.033189805999427335,1.996300125028938e-05,1.5796000297996216e-05,0.0
0.03329826899971522,0.030160112999510602,2.2147998606669717e-05,1.3685999874724075e-05,0.0
0.030260002000431996,0.03260649299954821,2.0665998818003573e-05,1.3684999430552125e-05,0.0
0.03270927099947585,0.03378784199958318,2.1407000531326048e-05,1.3351998859434389e-05,0.0
0.033888619000208564,0.03248501300004136,2.1221998395049013e-05,1.4276998626883142e-05,0.0
0.032583955999143654,0.03284021499894152,2.0536999727482907e-05,1.3982000382384285e-05,0.0
0.03293875200142793,0.033485212999949,1.9573999452404678e-05,1.3074000889901072e-05,0.0
0.03358715699869208,0.03309971499948006,2.0425000911927782e-05,1.3148999641998671e-05,0.0
0.03319750999980897,0.03309514000102354,2.1500000002561137e-05,1.4369999917107634e-05,0.0
0.03319986200040148,0.03554214899850194,0.00027751800007536076,1.1647998690023087e-05,0.0
0.03588229700108059,0.0319194219991914,0.0007271639988175593,1.3184999261284247e-05,0.0
0.032711029998608865,0.032051070000306936,0.0005454050005937461,1.1666999853332527e-05,0.0
0.0327852710015577,0.032841382000697195,0.0004704610000771936,1.2054999388055876e-05,0.0
0.03337539899985131,0.03138501700050256,0.0003300730004411889,1.2684999092016369e-05,0.0
0.031789329999810434,0.033400638998500654,0.0003411839988984866,1.2536998838186264e-05,0.0
0.033815470998888486,0.03714651500013133,0.00040468400038662367,1.4240000382415019e-05,0.0
0.037627531000907766,0.02982602200063411,0.0003288869993411936,1.2815000445698388e-05,0.0
0.030223816998841357,0.0316327190012089,0.00033420299951103516,1.3128999853506684e-05,0.0
0.0320416810009192,0.033061529000406154,0.00031314700026996434,1.2610998965101317e-05,0.0
0.03344121299960534,0.03299115899972094,0.0003431839995755581,1.1963000360992737e-05,0.0
0.03340443500019319,0.03260727100132499,0.00031485100043937564,1.2444999811123125e-05,0.0
0.032989956000164966,0.03273714099850622,0.0003871469998557586,1.2537000657175668e-05,0.0
0.0331919359996391,0.033955025999603095,0.00031303600007959176,1.1852000170620158e-05,0.0
0.03433309799947892,0.032255291000183206,0.0003152760000375565,1.1981999705312774e-05,0.0
0.032636383000863134,0.03274608600077045,0.000310851000904222,1.2870001228293404e-05,0.0
0.03312380600073084,0.034175135999248596,0.0003183700009685708,1.1795998943853192e-05,0.0
0.03456146899952728,0.032171920998735004,0.00031475799914915115,1.2702999811153859e-05,0.0
0.03256021599918313,0.03303943600076309,0.00030174000130500644,1.1573998563108034e-05,0.0
0.03345337900100276,0.043029733998992015,0.0003032770000572782,1.19440010166727e-05,0.0
0.04340451099960774,0.026677089001168497,0.0003574439997464651,1.2907999916933477e-05,0.0
0.027109717000712408,0.03301775200088741,0.0003102589998889016,1.1907000953215174e-05,0.0
0.03339510199839424,0.029953355999168707,0.0003134990001854021,1.8074000763590448e-05,0.0
0.030346428000484593,0.031484164001085446,0.00031327699980465695,1.2443999366951175e-05,0.0
0.031863219001024845,0.03319651099991461,0.0003147769984934712,1.203700048790779e-05,0.0
0.03357706399947347,0.033552934999534045,0.00031225800012180116,1.2741000318783335e-05,0.0
0.033932710999579285,0.032508031001270865,0.00031503599893767387,1.2407001122483052e-05,0.0
0.0328897710005549,0.032609548999971594,0.0003121839999948861,1.2222000805195421e-05,0.0
0.03299360299934051,0.032959381000182475,0.00031738799953018315,1.2500000593718141e-05,0.0
0.03335167600016575,0.0327071049996448,0.0003099249988736119,1.3425998986349441e-05,0.0
0.0330832889994781,0.03320315800010576,0.00033024000003933907,1.2221998986206017e-05,0.0
0.0336075270006404,0.033506305000628345,0.00031594299980497453,1.2092999895685352e-05,0.0
0.033891434000906884,0.032046698999693035,0.00031435100027010776,1.2926000636070967e-05,0.0
0.03243721599937999,0.03336275000037858,0.0003151479995722184,1.2499000149546191e-05,0.0
0.0337448049995146,0.032422141999632004,0.00031540599957224913,1.2481999874580652e-05,0.0
0.032812196001032135,0.03299515900107508,0.00031314700026996434,1.2147998859290965e-05,0.0
0.033374435999576235,0.03418695100117475,0.00031053599923325237,1.1165999239892699e-05,0.0
0.03456322700003511,0.03296945500005677,0.00031064700124261435,1.2091999451513402e-05,0.0
0.0333470280002075,0.0324356799992529,0.00031448000117961783,1.2778000382240862e-05,0.0
0.03282456699889735,0.03235623499858775,0.00036362799983180594,1.2111000614822842e-05,0.0
0.032787734000521596,0.03252275399972859,0.00030916600007913075,1.288900057261344e-05,0.0
0.032898899999054265,0.033015511000485276,0.0003109799999947427,1.1980999261140823e-05,0.0
0.0333993250005733,0.032770271000117646,0.00030175800020515453,1.1518000974319875e-05,0.0
0.033141788000648376,0.0344069689999742,0.0003538689998094924,1.4166000255499966e-05,0.0
0.03483731899905251,0.03292491899992456,0.00031485100043937564,1.2221998986206017e-05,0.0
0.033307843001239235,0.03234019900082785,0.00030418399910558946,1.1833000826300122e-05,0.0
0.03270858599898929,0.03404743299870461,0.00031148000016401056,1.2833001164835878e-05,0.0
0.03442676499980735,0.031174703000942827,0.00031616599881090224,1.1869999070768245e-05,0.0
0.031556220001220936,0.03329439899971476,0.0003507389992591925,1.1037000149372034e-05,0.0
0.03371095299917215,0.04551507700125512,0.0002882210010284325,1.0925999958999455e-05,0.0
0.04587287200047285,0.026931588001389173,0.0003220170001441147,1.229699955729302e-05,0.0
0.027319771999827935,0.03099442499842553,0.0003168139992340002,1.316700036113616e-05,0.0
0.031378330999359605,0.029433042000164278,0.00030946200058679096,1.2203001460875385e-05,0.0
0.029809448000378325,0.03135440600090078,0.00031386899900098797,1.2092999895685352e-05,0.0
0.03173497900024813,0.03284373299902654,0.000309536000713706,1.1833999451482669e-05,0.0
0.03322528799981228,0.03413367399843992,0.00030614699971920345,1.1185000403202139e-05,0.0
0.03450859800068429,0.0332586580007046,0.00030836999940220267,1.2276999768801033e-05,0.0
0.03364052699907916,0.032065384000816266,0.00036411000110092573,1.259300006495323e-05,0.0
0.03249582700118481,0.032516476001546835,0.0003124799986835569,1.1333000657032244e-05,0.0
0.032893899999180576,0.032870363000256475,0.0003162769990012748,1.259199962078128e-05,0.0
0.03325306599981559,0.032658549998814124,0.00030985100056568626,1.2019001587759703e-05,0.0
0.03304132599987497,0.03337391700006265,0.00031383200075651985,1.1925998478545807e-05,0.0
0.03375345200038282,0.03267014199991536,0.0003104799998254748,1.2518001312855631e-05,0.0
0.033052954999220674,0.03295821500068996,0.00030929599961382337,1.2741000318783335e-05,0.0
0.0333335100003751,0.03307330699863087,0.00030985100056568626,1.1647998690023087e-05,0.0
0.03344978700079082,0.032774159000837244,0.0003144060010527028,1.2815000445698388e-05,0.0
0.0331553249998251,0.03276486399954592,0.0003068880014325259,1.2148000678280368e-05,0.0
0.03313704799984407,0.03318223199858039,0.0003089990004809806,1.1852000170620158e-05,0.0
0.03355939799985208,0.032815679000123055,0.0003110170000582002,1.261100078409072e-05,0.0
0.03319256500071788,0.03303210400008538,0.00031577700065099634,1.287099985347595e-05,0.0
0.03341393599839648,0.032820492999235285,0.0003067210000153864,1.2167000022600405e-05,0.0
0.033193676001246786,0.033145862000310444,0.0003151100008835783,1.318500108027365e-05,0.0
0.03352950899898133,0.03272486399873742,0.00031329500052379444,1.1926000297535211e-05,0.0
0.033111418000771664,0.03320269499999995,0.00030870199952914845,1.2667000191868283e-05,0.0
0.03357906500059471,0.03297032499904162,0.00031449899870494846,1.2018001143587753e-05,0.0
0.033351175999996485,0.03341393600021547,0.00037305399928300176,1.2741000318783335e-05,0.0
0.03385367499868153,0.032360568999138195,0.00031318400033342186,1.2000000424450263e-05,0.0
0.03273928900125611,0.03266293799970299,0.00030894299925421365,1.2167000022600405e-05,0.0
0.0330376959991554,0.03337949100023252,0.0003027399998245528,1.1778000043705106e-05,0.0
0.03375226800017117,0.043780878999314154,0.0002927030000137165,1.1629001164692454e-05,0.0
0.04414034100045683,0.027802325999800814,0.0005154789996595355,1.2647999028558843e-05,0.0
0.028386137999405037,0.03203731100074947,0.00031194399889500346,1.2425998647813685e-05,0.0
0.03241736500058323,0.029316894000658067,0.00030864700056554284,1.285199869016651e-05,0.0
0.029693597000004956,0.031637015999876894,0.0003121469999314286,1.2278000212972984e-05,0.0
0.03201764400000684,0.03258205000020098,0.000314721000904683,1.2204000086057931e-05,0.0
0.03297025199935888,0.033141806999992696,0.0003091279995715013,1.1537000318639912e-05,0.0
0.03351517600094667,0.03273610500036739,0.00031744300031277817,1.3111000953358598e-05,0.0
0.03311960300015926,0.032964696001727134,0.0003119989996775985,1.298099959967658e-05,0.0
0.03335058299853699,0.03285723400040297,0.00030574000084016006,1.2000000424450263e-05,0.0
0.033226474000912276,0.03435898700081452,0.0003007579998666188,1.2832999345846474e-05,0.0
0.03473335600028804,0.031868514999587205,0.0003152210010739509,1.20189997687703e-05,0.0
0.03225153199855413,0.032799233000332606,0.00030946200058679096,1.3036999007454142e-05,0.0
0.03317334400162508,0.03485150399865233,0.0003108319997409126,1.1945001460844651e-05,0.0
0.035229113998866524,0.031105647000003955,0.00031303600007959176,1.1092999557149597e-05,0.0
0.03163768200101913,0.03231032799885725,0.00036083199847780634,1.2370001059025526e-05,0.0
0.03274388299905695,0.0335352870006318,0.0003118700005870778,1.2296000932110474e-05,0.0
0.03391532200112124,0.03258179099975678,0.00030770299963478465,1.1833000826300122e-05,0.0
0.032956288998320815,0.03301153000029444,0.0003117769992968533,1.2463000530260615e-05,0.0
0.03339010200033954,0.03269473500040476,0.00030570299895771313,1.1871001333929598e-05,0.0
0.03307377000055567,0.03305865899892524,0.0003079609996348154,1.2704000255325809e-05,0.0
0.03343467599916039,0.03272192000076757,0.0003692399986903183,1.316700036113616e-05,0.0
0.03315889900113689,0.03318973199930042,0.0003103319995716447,1.259300006495323e-05,0.0
0.033565878999070264,0.032886586001040996,0.0003132399997411994,1.2944999980391003e-05,0.0
0.03326786199977505,0.03295349200016062,0.0003142950008623302,1.1554999218787998e-05,0.0
0.03334193600130675,0.032953325999187655,0.0003123869992123218,1.1796000762842596e-05,0.0
0.033338101999106584,0.033183584000653354,0.00031305399897973984,1.1647998690023087e-05,0.0
0.0335641020010371,0.03276682700015954,0.0003166470014548395,1.1796000762842596e-05,0.0
0.03315415799988841,0.03282914100054768,0.00030853600037517026,1.2610998965101317e-05,0.0
0.03320404700025392,0.03350578700155893,0.0002993689995491877,1.1500000255182385e-05,0.0
0.03387595299864188,0.044198433999554254,0.00035135000143782236,1.1832999007310718e-05,0.0
0.0446203580013389,0.026481792998310993,0.0003099610003118869,1.2111000614822842e-05,0.0
0.02685899599964614,0.03312747300151386,0.0003080549995502224,1.2480999430408701e-05,0.0
0.03350300899910508,0.028869989000668284,0.0003105730011156993,1.2926000636070967e-05,0.0
0.029256597999847145,0.03155709000020579,0.0003103700000792742,1.2517999493866228e-05,0.0
0.031942145000357414,0.03285199200036004,0.00031779500022821594,1.300000076298602e-05,0.0
0.033237064999411814,0.032730011000239756,0.0003711099998326972,1.2185000741737895e-05,0.0
0.03316867700050352,0.03385830400111445,0.00031559099988953676,1.1926000297535211e-05,0.0
0.03424650700071652,0.032342161000997294,0.00031079499967745505,1.172199881693814e-05,0.0
0.03271967799992126,0.03265125300094951,0.00036766599987458903,1.2073998732375912e-05,0.0
0.033086473998992005,0.03299595499993302,0.0003072019990213448,1.1776999599533156e-05,0.0
0.03337119500065455,0.03288467799939099,0.0003108319997409126,1.2426000466803089e-05,0.0
0.03326284300055704,0.03292145600062213,0.0003682019996631425,1.2869999409304e-05,0.0
0.03335739899921464,0.0329376970003068,0.0003120360015600454,1.2630000128410757e-05,0.0
0.03332054600105039,0.03296926999973948,0.00030942500052333344,1.2333000995568e-05,0.0
0.03334519499912858,0.032799140999486553,0.00037344299926189706,1.2259999493835494e-05,0.0
0.0332394729994121,0.03319334400111984,0.00030874000003677793,1.2241000149515457e-05,0.0
0.03356762000112212,0.03302106699993601,0.00031142499938141555,1.2684999092016369e-05,0.0
0.03340760199898796,0.032792549000078,0.00036479500158748124,1.3332999515114352e-05,0.0
0.03322560299966426,0.032819047999510076,0.00035240599936514627,1.2499000149546191e-05,0.0
0.03324399200027983,0.03410274799898616,0.00035355399995751213,1.4758999896002933e-05,0.0
0.03452807900066546,0.03161507199911284,0.0003698510008689482,1.2258999049663544e-05,0.0
0.03205945899935614,0.03289010400112602,0.0003106280000793049,1.1907000953215174e-05,0.0
0.033265916999880574,0.034846132999518886,0.0003172029992128955,1.2389000403345563e-05,0.0
0.035228318000008585,0.03111696199994185,0.00036681300116470084,1.1962998542003334e-05,0.0
0.03155846099980408,0.03279769700020552,0.00031212800058710855,1.199999860546086e-05,0.0
0.03317589900143503,0.03312676999848918,0.0003114060000370955,1.2148000678280368e-05,0.0
0.03350467599921103,0.03278262200001336,0.00036347999957797583,1.298099959967658e-05,0.0
0.033221010000488604,0.03303395500006445,0.0003089239999098936,1.2185000741737895e-05,0.0
0.03341115799958061,0.034056063001116854,0.00029342500056372955,1.1776999599533156e-05,0.0
0.03441411700077879,0.04416932300046028,0.00029470300069078803,1.1444000847404823e-05,0.0
0.04452787599984731,0.02666034799949557,0.00030405399957089685,1.2407999747665599e-05,0.0
0.027030588000343414,0.033999284998571966,0.00035661000038089696,1.2833999790018424e-05,0.0
0.03442691399868636,0.02714725400073803,0.0003138130014121998,1.2574000720633194e-05,0.0
0.027529438000783557,0.03180047800015018,0.00031462799961445853,1.1850999726448208e-05,0.0
0.0321902539999428,0.032987122000122326,0.0003104429997620173,1.1629999789875e-05,0.0
0.03337267700044322,0.03291043799981708,0.00036623999949370045,1.3054999726591632e-05,0.0
0.033346823998726904,0.03279917799955001,0.00032099899908644147,1.2148000678280368e-05,0.0
0.03318978800052719,0.03270893799890473,0.0003108689998043701,1.2370001059025526e-05,0.0
0.0330927890008752,0.032950974000414135,0.00031436900098924525,1.1981999705312774e-05,0.0
0.033386397999493056,0.03298376999919128,0.0003132399997411994,1.1907999578397721e-05,0.0
0.03337124999961816,0.03319226900021022,0.0003122950001852587,1.174099998024758e-05,0.0
0.03357097200023418,0.032604252999590244,0.00031475799914915115,1.162899934570305e-05,0.0
0.03298515899950871,0.03306812200025888,0.00031568400117976125,1.3500000932253897e-05,0.0
0.033459565000157454,0.03285345600124856,0.00031344300077762455,1.2202999641885981e-05,0.0
0.033233788000870845,0.03304904700053157,0.00036973899841541424,1.3685999874724075e-05,0.0
0.033489175999420695,0.032820345000800444,0.0003159439984301571,1.1778000043705106e-05,0.0
0.03320799200082547,0.03278839999984484,0.000314721000904683,1.2148000678280368e-05,0.0
0.033168954998473055,0.03296569600024668,0.0003122950001852587,1.2426000466803089e-05,0.0
0.03334538000126486,0.03273401200021908,0.000309536000713706,1.2259999493835494e-05,0.0
0.033116880998932174,0.03307610299998487,0.0003125729999737814,1.1333000657032244e-05,0.0
0.033454083000833634,0.03271693799979403,0.0003139060008834349,1.2259999493835494e-05,0.0
0.03309791799983941,0.03321713900004397,0.00031344299895863514,1.1963000360992737e-05,0.0
0.033596286999454605,0.03285615999993752,0.0003170549989590654,1.2926000636070967e-05,0.0
0.03324634300042817,0.03295747400079563,0.00031648000003769994,1.1889000234077685e-05,0.0
0.03334002799965674,0.03288354899996193,0.00031246199978340883,1.1629001164692454e-05,0.0
0.03326225099954172,0.03304690000004484,0.00031536999995296355,1.1555999662959948e-05,0.0
0.03342763900036516,0.032932456000708044,0.00031396200029121246,1.1925998478545807e-05,0.0
0.033312565999949584,0.033433380000133184,0.0003176280006300658,1.1573998563108034e-05,0.0
0.033818433999840636,0.03309478799928911,0.0002997209994646255,1.1815000107162632e-05,0.0
0.03345976800119388,0.04424809999909485,0.00028812899836339056,1.1648999134195037e-05,0.0
0.04459915499865019,0.02663901500091015,0.0003093880004598759,1.1888998415088281e-05,0.0
0.027019921000828617,0.03305612100120925,0.000361869000698789,1.4147999536362477e-05,0.0
0.03348641699994914,0.029614707998916856,0.00029925799935881514,1.2556000001495704e-05,0.0
0.029982243999256752,0.030795741000474663,0.0003116099996987032,1.2184998922748491e-05,0.0
0.031173905999821727,0.03310434400009399,0.00031077699895831756,1.2184998922748491e-05,0.0
0.03348221300075238,0.03333469500103092,0.00032257300154014956,1.2703998436336406e-05,0.0
0.0337254900005064,0.03333345399914833,0.0003087029999733204,1.2647999028558843e-05,0.0
0.03370863800046209,0.031501183000727906,0.0003072580002481118,1.1481999536044896e-05,0.0
0.03188094099823502,0.0357957609994628,0.0003079430007346673,1.2352000339888036e-05,0.0
0.03617835100158118,0.031513090998487314,0.0003042579992325045,1.2426000466803089e-05,0.0
0.03188514499925077,0.03208873699986725,0.000315332999889506,1.2129999959142879e-05,0.0
0.032471569000335876,0.03249717900143878,0.0003137399999104673,1.1926000297535211e-05,0.0
0.032882973999221576,0.033951433999391156,0.00031840700103202835,1.3019000107306056e-05,0.0
0.034336339000219596,0.03391750800074078,0.00035646200012706686,1.2925998817081563e-05,0.0
0.034338876999754575,0.031104683999728877,0.00032810999982757494,1.2500000593718141e-05,0.0
0.03162901600080659,0.033416360998671735,0.00031064700124261435,1.2074000551365316e-05,0.0
0.03380060099880211,0.0346691529994132,0.0004034249996038852,1.4463001207332127e-05,0.0
0.03514159600126732,0.030926536999686505,0.0003142770001431927,6.031400153005961e-05,0.0
0.031355719998828135,0.03223999500005448,0.00031259199931810144,1.203700048790779e-05,0.0
0.03261777200168581,0.033660508001048584,0.00031479499921260867,1.2202999641885981e-05,0.0
0.03404178499840782,0.032330587000615196,0.00034727700040093623,1.2258999049663544e-05,0.0
0.03275206699981936,0.03369069299878902,0.00031207299980451353,1.2276999768801033e-05,0.0
0.034077582000463735,0.03231306900124764,0.00031246199978340883,1.3406999642029405e-05,0.0
0.03269938199991884,0.03245260599942412,0.0003145360005873954,1.2684999092016369e-05,0.0
0.03284051199989335,0.033152714000607375,0.0003309799994895002,1.2278000212972984e-05,0.0
0.033549786001458415,0.032990363000863,0.00031666500035498757,1.2148000678280368e-05,0.0
0.03337339899917424,0.032701363999876776,0.00035114700040139724,1.229599911312107e-05,0.0
0.033120306999990134,0.03339410199987469,0.0003136470004392322,1.175900069938507e-05,0.0
0.03377317500053323,0.03357410200078448,0.0002966470001410926,1.2258999049663544e-05,0.0
0.033942080999622704,0.04673136900055397,0.00028592400121851824,1.1961999916820787e-05,0.0
0.04708122000010917,0.027314790999298566,0.0003014070007338887,1.2277001587790437e-05,0.0
0.02767969699925743,0.026644682000551256,0.00031046100048115477,1.2370001059025526e-05,0.0
0.027028717000575853,0.03039011300097627,0.0003189809995092219,1.288900057261344e-05,0.0
0.0307764640001551,0.03374474900010682,0.0003154619989800267,1.2074000551365316e-05,0.0
0.0341348959991592,0.032450790000439156,0.00031666500035498757,1.1815000107162632e-05,0.0
0.03283345599993481,0.032688586001313524,0.0003073500010941643,1.231500027643051e-05,0.0
0.033062770000469754,0.03260917899933702,0.00032292499963659793,1.2184998922748491e-05,0.0
0.03299639999931969,0.032929177999903914,0.00031505399965681136,1.2777998563251458e-05,0.0
0.033309528000245336,0.032841567999639665,0.00034835100086638704,1.259300006495323e-05,0.0
0.033256103000894655,0.03382743400106847,0.00031094299993128516,1.1926000297535211e-05,0.0
0.034213820999866584,0.03335549100120261,0.0003089800011366606,1.2000000424450263e-05,0.0
0.03373758300040208,0.031464497998968,0.0003137580006296048,1.1685999197652563e-05,0.0
0.03184458899886522,0.03296256700014055,0.0003730549997271737,1.2443999366951175e-05,0.0
0.03340336099972774,0.032820827000250574,0.0003079429989156779,1.2630000128410757e-05,0.0
0.03320112200162839,0.03353362000052584,0.0003109990011580521,1.1815000107162632e-05,0.0
0.03391095199913252,0.03228305099946738,0.0003105550003965618,1.2128999514970928e-05,0.0
0.032723530999646755,0.033226325000214274,0.0003134620001219446,1.164800050901249e-05,0.0
0.033611360000577406,0.03261793899946497,0.0003018139996129321,1.2165999578428455e-05,0.0
0.03298504799931834,0.03505013300127757,0.0003081840004597325,1.2518999938038178e-05,0.0
0.03542448400003195,0.030881444999977248,0.00031490600122197066,1.2389000403345563e-05,0.0
0.03126388800046698,0.032951918999970076,0.0003089239999098936,1.1685000572470017e-05,0.0
0.03332660200067039,0.03383415600001172,0.000312166001094738,1.3408000086201355e-05,0.0
0.034214913999676355,0.03248556899961841,0.00031314700026996434,1.3482000213116407e-05,0.0
0.0328735669991147,0.032352606000131345,0.00030879499900038354,1.231500027643051e-05,0.0
0.03272697500142385,0.033598748999793315,0.0003205359989806311,1.203700048790779e-05,0.0
0.03399145199909981,0.03397178500017617,0.0004733320001832908,5.45920011063572e-05,0.005432499001472024
0.039985818999412004,0.027241253999818582,0.0005436270002974197,4.407400047057308e-05,0.004996167999706813
0.03287230800015095,0.029750800000329036,0.00047796099897823296,4.292599987820722e-05,0.005272684000374284
0.03559335400132113,0.028175232000648975,0.0004429420005180873,4.726000042865053e-05,0.004864685999564244
0.03357769399917743,0.03860171299857029,0.00045597900134453084,3.3759000871214084e-05,0.004857464000451728
0.04399535999982618,0.029031766000116477,0.0004975169995304896,3.648200072348118e-05,0.004812742001377046
0.034431931999279186,0.02888652499859745,0.000432719998570974,3.479599945421796e-05,0.004822909000722575
0.034222710000904044,0.02869421200011857,0.000488998999571777,3.3185000575031154e-05,0.004878260000623413
0.03414069300015399,0.02880786000059743,0.00043371999890950974,3.2963000194285996e-05,0.004792204999830574
0.03411426599996048,0.028539137998450315,0.00048353499914810527,3.438800013100263e-05,0.0048196490006375825
0.03392497099957836,0.02858206400014751,0.00042759100142575335,3.300000025774352e-05,0.004866297000262421
0.03395674800049164,0.028355045998978312,0.0004859239998040721,3.4333001167397015e-05,0.004834760000449023
0.03375735999907192,0.02846982299888623,0.0004312940000090748,3.40369988407474e-05,0.004813389999981155
0.033796305000578286,0.028319750001173816,0.00043251699935353827,3.3628999517532066e-05,0.004888019000645727
0.033721619000061764,0.028424322999853757,0.0004323510001995601,3.442499837547075e-05,0.005322424998666975
0.03426974700050778,0.027834102998895105,0.0004420910008775536,3.273999936936889e-05,0.004789056998561136
0.03317686300033529,0.02771184499943047,0.0004945169985148823,3.6388999433256686e-05,0.004783557000337169
0.03307308399962494,0.027822604000903084,0.00043634999929054175,3.312899934826419e-05,0.004800019998583593
0.03313999199963291,0.028091510001104325,0.0004356090012151981,3.273999936936889e-05,0.004770094001287362
0.033376010000210954,0.027764622998802224,0.0004325360005168477,3.264800034230575e-05,0.004878778998318012
0.033155065999380895,0.027834622000227682,0.00043449800068628974,3.2611000278848223e-05,0.004799779000677518
0.03314891800073383,0.027991289000055986,0.0004310349995648721,3.283300065959338e-05,0.004768613000123878
0.03327052900021954,0.027871195999978227,0.0004334799996286165,3.153600118821487e-05,0.004812982999283122
0.03319678799925896,0.02789889999985462,0.0004295170001569204,3.159299922117498e-05,0.004790982999111293
0.03319832499983022,0.027913955000258284,0.00043596099931164645,3.292600013082847e-05,0.0047834269989834866
0.03321545499966305,0.028154824000012013,0.00042914699952234514,3.281499994045589e-05,0.00483090799934871
0.03349550900020404,0.027982825000435696,0.0004281090004951693,3.394399936951231e-05,0.0047840570005064365
0.03327641800024139,0.02792588099873683,0.00043407299926911946,3.2369998734793626e-05,0.004777187001309358
0.03321776899974793,0.028236064999873633,0.0004332019998400938,3.233399911550805e-05,0.004822519000299508
0.03357052800129168,0.028085916999771143,0.00043042400102422107,3.366700002516154e-05,0.004786538000189466
0.03338491699832957,0.028084769000997767,0.00044749800144927576,3.416700019442942e-05,0.00482563100013067
0.03343930500159331,0.02820663899910869,0.00043216599988227244,3.3461999919381924e-05,0.00485150100030296
0.03356989799976873,0.028099454000766855,0.0004337389982538298,3.472199932730291e-05,0.004801909000889282
0.033418379998693126,0.030449798001427553,0.0004332389999035513,3.3741000152076595e-05,0.004794057000253815
0.03575742700013507,0.02796364099958737,0.0004422940000949893,3.398100125195924e-05,0.005098555999211385
0.03360243499992066,0.028151565000371193,0.00048510899978282396,3.4222000977024436e-05,0.004781482999533182
0.03350511999997252,0.027910067001357675,0.0004375359985715477,3.331400148454122e-05,0.004797241999767721
0.03322990000015125,0.027754770999308676,0.0004357759989943588,3.27220004692208e-05,0.0048067050011013635
0.033076806999815744,0.028110362000006717,0.00044059099855076056,3.372200080775656e-05,0.005080962999272742
0.03371543400135124,0.026306906000172603,0.00029355500009842217,3.957399894716218e-05,0.005041296999479528
0.03173032999984571,0.026817292000487214,0.0002924249984062044,3.8758998925914057e-05,0.004953648998707649
0.032150884999282425,0.026993625000613974,0.0003472579992376268,4.000000080850441e-05,0.004992186000890797
0.03242049500113353,0.02749569700063148,0.0002908509995904751,3.894499968737364e-05,0.00494314800016582
0.03295099199931428,0.027180049999515177,0.0002925729986600345,3.905599987774622e-05,0.004930945000523934
0.032492643000296084,0.027321678999214782,0.00028970300081709865,3.846300023724325e-05,0.004937038000207394
0.03263649399923452,0.027239957998972386,0.0002926840006693965,3.7481000617844984e-05,0.004873446001511184
0.0324917350008036,0.027175605999218533,0.0002931099988927599,1.2406999303493649e-05,0.0
0.02754215999993903,0.02747338200060767,0.00030507299925375264,1.1426000128267333e-05,0.0
0.027844566999192466,0.026500812000449514,0.00030790600067120977,1.3500000932253897e-05,0.0
0.02688629200019932,0.030303798001114046,0.000310851000904222,1.1796999388025142e-05,0.0
0.030680167999889818,0.03191719999995257,0.00031647999821871053,1.1907000953215174e-05,0.0
0.03230199500103481,0.03131247999954212,0.00033236899980693124,1.287099985347595e-05,0.0
0.031714311999166966,0.03446020900082658,0.00031570200007990934,1.203700048790779e-05,0.0
0.0348444120008935,0.032209199998760596,0.00036959099998057354,1.2814998626708984e-05,0.0
0.03265612299946952,0.03250645699881716,0.0003180540006724186,1.2832999345846474e-05,0.0
0.03289928899903316,0.03340960199966503,0.0003149250005662907,1.2926000636070967e-05,0.0
0.03380087900040962,0.03460772799917322,0.0003608879997045733,1.4629000361310318e-05,0.0
0.03504581800007145,0.032245533000605064,0.00030848100141156465,1.2407001122483052e-05,0.0
0.03262323499984632,0.03192069999931846,0.00031766599931870587,1.231500027643051e-05,0.0
0.03230886500023189,0.03310171500015713,0.0003136470004392322,1.2943999536219053e-05,0.0
0.03348660200026643,0.03288543800044863,0.00031212800058710855,1.2704000255325809e-05,0.0
0.0332666030008113,0.03290273400125443,0.00031222100005834363,1.32589993881993e-05,0.0
0.03329141699941829,0.03193629300039902,0.000316572999508935,1.2092999895685352e-05,0.0
0.032321291999323876,0.034177339999587275,0.00043394299973442685,3.185199966537766e-05,0.004779871000209823
0.039469598999858135,0.0414704430004349,0.0004371650011307793,3.2963000194285996e-05,0.004731500999696436
0.046719406000192976,0.028237491000254522,0.00043170200115127955,3.1722000130685046e-05,0.004878779000137001
0.0336274900000717,0.02839186100027291,0.0004905160003545461,3.32589988829568e-05,0.004746111999338609
0.0337073610007792,0.028475638000600156,0.0004335729990998516,3.411100078665186e-05,0.004747483000755892
0.033738489999450394,0.02833449100035068,0.000434109999332577,3.2408001061412506e-05,0.004849186001592898
0.03369804499925522,0.028435139000066556,0.0004309979995014146,3.21850002364954e-05,0.004753223000079743
0.033698268000080134,0.028439046000130475,0.0004313139997975668,3.34250016749138e-05,0.00476996399993368
0.03371969399995578,0.028586656000697985,0.0004264429990143981,3.237000055378303e-05,0.004767074999108445
0.033859600000141654,0.02829067600032431,0.00043260999882477336,3.270299930591136e-05,0.004769113000293146
0.03357106499970541,0.028280380000069272,0.00043248000110907014,8.677799996803515e-05,0.004814686000827351
0.03366452700174705,0.028042510000886978,0.000434165000115172,3.4555998354335316e-05,0.004761870999573148
0.033323453999400954,0.02818486199976178,0.00043525799992494285,3.31110004481161e-05,0.004778037999130902
0.03348012099922926,0.027976473998933216,0.0004944989996147342,3.3741000152076595e-05,0.004763741999340709
0.033316287999696215,0.028050398999766912,0.00042927700087602716,3.436999941186514e-05,0.00477076099923579
0.03333302800092497,0.027909325999644352,0.0004331459986133268,3.2963000194285996e-05,0.004741148999528377
0.03316802900008042,0.027995380998618202,0.00043140599882462993,8.220299969252665e-05,0.0047775009988981765
0.03333636199931789,0.027879066999958013,0.00043131300117238425,3.3055999665521085e-05,0.004762704998938716
0.03315356600069208,0.028007917999275378,0.00042481300079089124,3.214800017303787e-05,0.004758704999403562
0.033270751000600285,0.027950159001193242,0.00044338699990476016,3.3166999855893664e-05,0.004826464000871056
0.03329969500009611,0.028093658000216237,0.0004304060003050836,3.386999924259726e-05,0.005281296000248403
0.033889229998749215,0.02796267799931229,0.0004287209994799923,3.248100074415561e-05,0.004742074999739998
0.03321358500033966,0.027977362000456196,0.0004954609994456405,3.276000097685028e-05,0.0048733710009400966
0.033425564999561175,0.027977529000054346,0.00043044199992436916,3.359199945407454e-05,0.0047558350015606266
0.03324480599985691,0.0280244000005041,0.0004293689999030903,3.2887999623198994e-05,0.004721576000520145
0.03325478800070414,0.028028102999087423,0.00048260900075547397,3.4017999496427365e-05,0.004913667999062454
0.0335047320004378,0.02840867499980959,0.0004288500003895024,3.27220004692208e-05,0.004767149999679532
0.033683120000205236,0.028156398000646732,0.0004317399998399196,3.355599983478896e-05,0.004814555999473669
0.03348095299952547,0.02821273199879215,0.0004292579997127177,3.283399928477593e-05,0.004798037998625659
0.0335192319998896,0.02853317600056471,0.00043157200161658693,3.38139998348197e-05,0.004815835000044899
0.03385971199895721,0.030250335999880917,0.0005131829984748038,3.631500112533104e-05,0.0048092790002556285
0.035654686000270885,0.02771962299993902,0.0004331839991209563,3.216700133634731e-05,0.004785204999279813
0.03301530800126784,0.02833547299997008,0.00042918399958580267,3.35730001097545e-05,0.004771242000060738
0.03361708299962629,0.02759506800066447,0.0004356829995231237,3.2388999898103066e-05,0.004741500999443815
0.03285021500050789,0.027791974000137998,0.00043085099969175644,3.2943999030976556e-05,0.0047899459987093
0.03309141799945792,0.02753547600150341,0.0004325539994169958,3.224099964427296e-05,0.004960557000231347
0.033006493000357295,0.027663992999805487,0.00042297999971196987,3.370299964444712e-05,0.004790871000295738
0.03295630699903995,0.02663323799970385,0.0002936469991254853,3.97769999835873e-05,0.00495144499836897
0.03196442199987359,0.026865682000789093,0.0002928139983850997,3.938900044886395e-05,0.005065260000264971
0.03231218099972466,0.027013310998881934,0.0002974989984068088,3.905499943357427e-05,0.0048590570004307665
0.03225605100124085,0.02722367999922426,0.00029027600066910964,3.964800089306664e-05,0.004848353000852512
0.03244964199984679,0.02702362499985611,0.00028996199944231194,3.966600161220413e-05,0.00485929699971166
0.03225964400007797,0.02723758799947973,0.00028909100001328625,3.951899998355657e-05,0.004826223999771173
0.032440234999739914,0.027348345998689183,0.00028935000045748893,3.842500154860318e-05,0.004907759999696282
0.032636975000059465,0.02767140000105428,0.0003727020011865534,1.2517999493866228e-05,0.0
0.02810956599932979,0.02679429300042102,0.00035618399851955473,1.2685000911005773e-05,0.0
0.02721771700089448,0.026787478000187548,0.00031014699925435707,1.257399890164379e-05,0.0
0.02716586600035953,0.03246336499978497,0.00031324000156018883,1.2944999980391003e-05,0.0
0.032844493000084185,0.0332780280004954,0.0003256469990446931,1.2666001566685736e-05,0.0
0.03367711999999301,0.03297364100035338,0.00030822199914837256,1.32589993881993e-05,0.0
0.03335686099853774,0.03242647600018245,0.0003110729994659778,1.2574000720633194e-05,0.0
0.03280690100109496,0.032129031998920254,0.0003132029996777419,1.229599911312107e-05,0.0
0.03251080900008674,0.034074876999511616,0.0003061280003748834,1.2426000466803089e-05,0.0
0.03444887600016955,0.03194551500018861,0.00030992400024842937,1.2203001460875385e-05,0.0
0.03232229199966241,0.033862600999782444,0.0003174800003762357,1.2091999451513402e-05,0.0
0.034246709999933955,0.03221081000083359,0.0003114060000370955,1.261100078409072e-05,0.0
0.032590549999440555,0.03342652799983625,0.00030981400050222874,1.2554999557323754e-05,0.0
0.03381473000081314,0.03348988000107056,0.0003132399997411994,1.1945001460844651e-05,0.0
0.03387093399942387,0.031769070999871474,0.0003162400007568067,1.173999953607563e-05,0.0
0.032149939999726485,0.03266440099832835,0.00031499899887421634,1.2184998922748491e-05,0.0
0.033044993000657996,0.03426908100118453,0.00030348099971888587,1.2259999493835494e-05,0.0
0.03463715299949399,0.04487733899986779,0.000290702999336645,1.2128999514970928e-05,0.0
0.045405744000163395,0.026706515998739633,0.0003376660006324528,1.4592000297852792e-05,0.0
0.02711784799976158,0.027988456000457518,0.00044451700159697793,3.2240001019090414e-05,0.004930594001052668
0.033449565000410075,0.028477786001531058,0.00046040599954721984,3.444399953878019e-05,0.005191517999264761
0.03421356199942238,0.027454531000330462,0.0004543679988273652,3.4204000257886946e-05,0.005102167000586633
0.03309215900117124,0.027795084999524988,0.00045764700007566717,3.477800055406988e-05,0.005126203999680001
0.033466397999291075,0.027535882998563466,0.0004504429998632986,3.509199996187817e-05,0.005137722000654321
0.03320875099961995,0.027404734999436187,0.00043938700036960654,3.3999998777289875e-05,0.005053592998592649
0.03298039999936009,0.027630918999420828,0.0004491840008995496,3.338899841764942e-05,0.004912278000119841
0.03307584499998484,0.0315772019985161,0.0005007569998269901,3.674099934869446e-05,0.006177606999699492
0.03834639900014736,0.028823230000853073,0.0004842390007979702,3.570400076569058e-05,0.004804575000889599
0.0341949140001816,0.02807258399843704,0.0005229609996604268,3.557399941200856e-05,0.004778501001055702
0.03345460200034722,0.027737271000660257,0.000478091000331915,4.114800140087027e-05,0.005012296998756938
0.03331649199935782,0.02807862100053171,0.00045801700071024243,3.2036001357482746e-05,0.004905742000119062
0.03352069400170876,0.027999844000078156,0.00049560900151846,3.398099943296984e-05,0.004922482999972999
0.03349767599866027,0.028075344000171754,0.0004728679996333085,3.4130000130971894e-05,0.004873537998719257
0.033500269000796834,0.028211732000272605,0.0004958870013069827,3.264800034230575e-05,0.004812076000234811
0.033597712999835494,0.028708453000945156,0.0004407760006870376,3.231399932701606e-05,0.004812889999811887
0.0340403400005016,0.028482563999205013,0.0004265730003680801,3.338899841764942e-05,0.004837481999857118
0.03382426799907989,0.028600989000551635,0.00042259099973307457,3.21850002364954e-05,0.00479287099915382
0.03389411900025152,0.02824345400040329,0.0004351839997980278,3.231499977118801e-05,0.004740649999803281
0.033497768999950495,0.028471824000007473,0.0004385350002849009,3.361100061738398e-05,0.004759833998832619
0.03374923000046692,0.028583250001247507,0.00043621999975584913,3.2480998925166205e-05,0.004774574999828474
0.03387267499965674,0.028633452999201836,0.0005132390015205601,3.309199928480666e-05,0.0047665389993198914
0.03399158200045349,0.02841556500061415,0.00043929399907938205,3.3055999665521085e-05,0.004771668000103091
0.03370561900010216,0.028882247999717947,0.0005078869999124436,3.3759000871214084e-05,0.004795741999259917
0.034266247999767074,0.028691953000816284,0.00044294300096225925,3.31110004481161e-05,0.0047834640008659335
0.033997303999058204,0.028386026999214664,0.0005099610007164301,3.2777999876998365e-05,0.004761870999573148
0.03373508200093056,0.028304176999881747,0.0004426659997989191,3.2369998734793626e-05,0.0048571500010439195
0.033684063999317004,0.029609727000206476,0.0004497209993132856,3.509300040605012e-05,0.005237056000623852
0.035377854999751435,0.028243250999366865,0.0004442020017449977,3.35000004270114e-05,0.004759704999742098
0.033525954000651836,0.028772730000127922,0.00044053599958715495,3.3054999221349135e-05,0.004771112999151228
0.03406358100073703,0.028361213000607677,0.0004461470016394742,3.418500091356691e-05,0.004846650001127273
0.03373397099858266,0.02892524799972307,0.0004449419993761694,3.39620000886498e-05,0.004852316000324208
0.034302228999877116,0.028389713001161,0.00044451699977798853,3.4388998756185174e-05,0.005373739999413374
0.03431834000002709,0.02858380500038038,0.00044220199924893677,3.4666998544707894e-05,0.004799890999493073
0.03392171100131236,0.027871881999089965,0.00044651700045506004,3.316600123071112e-05,0.004769094000948826
0.03316780699969968,0.028183083999465453,0.0004439429994818056,3.342600030009635e-05,0.0048337600001104875
0.03354054699957487,0.026899941000010585,0.0003181100000801962,4.190700019535143e-05,0.005006093000702094
0.03231223500006308,0.027346771999873454,0.00030959099967731163,4.2611000026226975e-05,0.00498370400055137
0.032731975999922724,0.027323883999997634,0.0003107030006503919,3.924100019503385e-05,0.004959425999913947
0.03268119700078387,0.027645475000099395,0.0003122400012216531,4.2518000554991886e-05,0.004949000000124215
0.03299706699908711,0.027276734999759356,0.00031246199978340883,4.140700002608355e-05,0.004925537999952212
0.03260336399944208,0.027619770999081084,0.00031038799897942226,4.003699905297253e-05,0.004952649000188103
0.03297086300153751,0.027711086000635987,0.00031305399897973984,4.022200118924957e-05,0.004929889999402803
0.03304230799949437,0.027633345000140253,0.00031725799999549054,1.2758999218931422e-05,0.0
0.02801771399936115,0.02769540000008419,0.00031186900014290586,1.2074000551365316e-05,0.0
0.02807863999987603,0.02720560600027966,0.00039131299854489043,1.3925999155617319e-05,0.0
0.02767347500048345,0.02865441600079066,0.00033103600071626715,1.298200004384853e-05,0.0
0.029054266000457574,0.032267642998704105,0.00031207299980451353,1.2721999155473895e-05,0.0
0.032647289999658824,0.03471006099971419,0.0003295360002084635,1.2833001164835878e-05,0.0
0.03511033699942345,0.03157160899900191,0.000328832000377588,1.2704000255325809e-05,0.0
0.0319665150000219,0.03220645799956401,0.00033147999965876807,1.3908000255469233e-05,0.0
0.03261480900073366,0.0329670659994008,0.00033486899883428123,1.355600034003146e-05,0.0
0.03337508399999933,0.031204980999973486,0.0003944240015698597,1.4721999832545407e-05,0.0
0.03167201500036754,0.0349971519990504,0.0003316290003567701,1.2925000191899016e-05,0.0
0.03539759599880199,0.031005295999420923,0.00031935100014379714,1.231500027643051e-05,0.0
0.031391256999995676,0.03391921099864703,0.0003299430009064963,1.3019000107306056e-05,0.0
0.03431691400146519,0.03200808900146512,0.0003194620003341697,1.3314000170794316e-05,0.0
0.032393901999967056,0.03301527099938539,0.00035023999953409657,1.3943999874754809e-05,0.0
0.03343641699939326,0.0469172390003223,0.00031137000041780993,1.203700048790779e-05,0.0
0.047295979000409716,0.027146753998749773,0.00031314699845097493,1.2833999790018424e-05,0.0
0.02752691999921808,0.029650448999746004,0.0003355170010763686,1.3906999811297283e-05,0.0
0.030126558000119985,0.02927711699885549,0.0003335919991513947,1.2777998563251458e-05,0.0
0.02968044900080713,0.032362586998715415,0.0003325179986859439,1.229599911312107e-05,0.0
0.032764196999778505,0.03205906999937724,0.00031857300018600654,1.2370999684208073e-05,0.0
0.03244505099974049,0.03372576800029492,0.0004441460005182307,3.262899917899631e-05,0.004849445000218111
0.03910737799924391,0.028906303999974625,0.0004584239995892858,3.535099858709145e-05,0.004868129999522353
0.03431878400078858,0.028125437000198872,0.00045933200090075843,3.5278000723337755e-05,0.004968593000739929
0.03363860100034799,0.02732654999999795,0.0004660909999074647,3.522199949657079e-05,0.004851649999181973
0.03272904999903403,0.029020081001362996,0.0005241279995971126,3.5667000702233054e-05,0.005111184998895624
0.03473989300073299,0.02766302999953041,0.0004875900012848433,3.963000017392915e-05,0.00528227699942363
0.03351930600001651,0.027801103999081533,0.00044881299982080236,3.483299951767549e-05,0.005139036999025848
0.03346989799865696,0.02771230799953628,0.0004421840003487887,3.379599911568221e-05,0.005072703999758232
0.03331164000155695,0.027991233000648208,0.0004514800002652919,3.320399991935119e-05,0.005096501001389697
0.033619379999436205,0.028036491999955615,0.00045064600089972373,3.4314000004087575e-05,0.005284943999868119
0.03385284099931596,0.027780492999227135,0.00045349900028668344,3.379599911568221e-05,0.0052047219996893546
0.03352106500096852,0.02856745300050534,0.00044705399886879604,3.2759999157860875e-05,0.005231388999163755
0.03433337699971162,0.02813028799937456,0.00045581300037156325,3.90739987778943e-05,0.005142037000041455
0.033814525999332545,0.027878176999365678,0.00045433199920807965,3.4871000025304966e-05,0.005289239999910933
0.03370297200126515,0.028186361998450593,0.0005139799995959038,3.9963000745046884e-05,0.005157166000572033
0.03407609999885608,0.028420786999049596,0.0005574059996433789,4.0425000406685285e-05,0.004995353001504554
0.03405973000008089,0.02821695400052704,0.0004926649999106303,5.78520011913497e-05,0.004821296999580227
0.033636489999480546,0.028586583001015242,0.00046190600005502347,3.36479988618521e-05,0.004817408000235446
0.03394432300046901,0.028593102000741055,0.00048123899978236295,3.425900104048196e-05,0.004774687000463018
0.033929156001249794,0.02865721200032567,0.00044255399916437455,3.3888998586917296e-05,0.004869167001743335
0.03404721099832386,0.028678471000603167,0.00043923900011577643,3.336999907332938e-05,0.004756686999826343
0.03395323000040662,0.028715211999951862,0.00043829499918501824,3.2630001442157663e-05,0.004807261000678409
0.03404000699993048,0.02847999100049492,0.00043218400060140993,3.240699879825115e-05,0.004745779999211663
0.03374197199991613,0.028390898998623015,0.00044401699960872065,3.4315000448259525e-05,0.005357148000257439
0.034273821000169846,0.03254388399909658,0.0004366469984233845,3.23330004903255e-05,0.004763113000080921
0.037821365000127116,0.029243080000014743,0.0005073309985164087,4.2444000428076833e-05,0.004910464000204229
0.03475165300005756,0.02817330599827983,0.00043875699884665664,3.3147998692584224e-05,0.004812537999896449
0.03350404599950707,0.02818625100007921,0.0004442209992703283,3.368500074429903e-05,0.0048667230003047734
0.03360091700051271,0.02814054699956614,0.0004548130000330275,3.31110004481161e-05,0.0049545929996384075
0.033631323000008706,0.028703304000373464,0.00044118400001025293,3.285099955974147e-05,0.004769835000843159
0.03399363800053834,0.028399139000612195,0.0004403870007081423,3.377800021553412e-05,0.004827131000638474
0.03374772999995912,0.028483046000474133,0.00043620200085570104,3.300000025774352e-05,0.0049746860004233895
0.03397261899954174,0.02837445399927674,0.0004980349985999055,3.264800034230575e-05,0.004758148999826517
0.03370748999986972,0.028394435999871348,0.00043625700163829606,3.2869998904061504e-05,0.004808945001059328
0.03371895300006145,0.028370916999847395,0.00043453500074974727,3.205600114597473e-05,0.004885760001343442
0.03376863800076535,0.02842649000012898,0.0004874799997196533,3.529599962348584e-05,0.004820945998289972
0.03381610099859245,0.028157953998743324,0.000499443000080646,3.5647999538923614e-05,0.004825724001420895
0.03356452800107945,0.02862495299996226,0.0004534250001597684,3.401800131541677e-05,0.004769686000145157
0.03392865599926154,0.028509323001344455,0.0004357210000307532,3.25740002153907e-05,0.004769538998516509
0.03379250800026057,0.02853658300045936,0.0004465910005819751,3.305500104033854e-05,0.004767612999785342
0.03382976800094184,0.027851474000271992,0.0004355729997769231,3.2889000067370944e-05,0.004817594000996905
0.03318176999891875,0.028289157000472187,0.00047047999942151364,3.309299972897861e-05,0.004809722999198129
0.033647268001004704,0.027890991999811376,0.0004497760000958806,3.379600093467161e-05,0.004759667999678641
0.03318043599938392,0.027165273000719026,0.00031386900081997737,4.036999962409027e-05,0.005037926001023152
0.03260453199982294,0.026863163000598433,0.0003714060003403574,4.1260000216425397e-05,0.004926297999190865
0.03225092100001348,0.027209679999941727,0.0003114989995083306,4.1925999539671466e-05,0.005605610000202432
0.033217270000022836,0.026976774001013837,0.0003132399997411994,4.0406999687547795e-05,0.0049486859988974174
0.03232712399949378,0.027242754000326386,0.00031127699912758544,3.9443999412469566e-05,0.0050115569993067766
0.032653846001267084,0.02732469799957471,0.00044720199912262615,4.1351999243488535e-05,0.005086851999294595
0.03294730800007528,0.02782093700079713,0.00031318399851443246,3.920299968740437e-05,0.004946351999024046
0.0331671029998688,0.02749373500046204,0.00031318400033342186,1.2630000128410757e-05,0.0
0.027880788999027573,0.027588234001086676,0.00030829500065010507,1.1185000403202139e-05,0.0
0.027960122000877163,0.0275403270006791,0.00038351699913619086,1.3074000889901072e-05,0.0
0.027997380999295274,0.02701681100006681,0.0003418689993850421,1.2852000509155914e-05,0.0
0.02742886499981978,0.0403360589989461,0.00031690600008005276,1.2869999409304e-05,0.0
0.040720242001043516,0.026711422999142087,0.0003382030008651782,1.2167000022600405e-05,0.0
0.02712049599904276,0.03069540799879178,0.0003216659988538595,1.3869999747839756e-05,0.0
0.03108751800027676,0.03165862700006983,0.00032961000033537857,1.2944999980391003e-05,0.0
0.03205805099969439,0.03264145700086374,0.00033318399982817937,1.2444001185940579e-05,0.0
0.03304334499989636,0.03181436700106133,0.0003179439991072286,1.2111000614822842e-05,0.0
0.032197921000260976,0.03445246900082566,0.00032555500001762994,1.2407999747665599e-05,0.0
0.03484720900087268,0.031410794999828795,0.000315961000524112,1.1703999916790053e-05,0.0
0.03179062599883764,0.03393934099949547,0.0003338690003147349,1.3332999515114352e-05,0.0
0.03434395099975518,0.031962552000550204,0.000319184000545647,1.2778000382240862e-05,0.0
0.03235555100036436,0.03295106699988537,0.00031553599910694174,1.231500027643051e-05,0.0
0.03333308400033275,0.033883766998769715,0.0003291650009487057,1.2444999811123125e-05,0.0
0.03428235799947288,0.03199014399979205,0.0003155169997626217,1.2554999557323754e-05,0.0
0.0323773660002189,0.03462719100025424,0.0003314440000394825,1.2944999980391003e-05,0.0
0.03502754100009042,0.03120959099942411,0.0003220549988327548,1.1500000255182385e-05,0.0
0.03160370099976717,0.0328846970005543,0.0003096469990850892,1.1573998563108034e-05,0.0
0.03325917700021819,0.0348731529993529,0.00033079499917221256,1.3610999303637072e-05,0.0
0.035273874000267824,0.03214129300067725,0.0003298319988971343,1.2481999874580652e-05,0.0
0.0325474569999642,0.03197510799873271,0.00032335099967895076,1.2815000445698388e-05,0.0
0.032368050000513904,0.033063251999919885,0.00031794300048204605,1.1815000107162632e-05,0.0
0.03344749200005026,0.03365565700005391,0.00033201699989149347,1.3241000488051213e-05,0.0
0.034059302999594365,0.03177166400018905,0.00031857300018600654,1.2610998965101317e-05,0.0
0.032157273999473546,0.03390636000040104,0.0003307959996163845,1.2258999049663544e-05,0.0
0.03431258000091475,0.03304010400097468,0.0003359610000188695,1.2537000657175668e-05,0.0
0.033446028999605915,0.03157866500077944,0.0003180540006724186,1.172199881693814e-05,0.0
0.031962680999640725,0.03442137599995476,0.0003278130006947322,1.2556000001495704e-05,0.0
0.03481993100103864,0.03191321899976174,0.0003167389986629132,1.1888998415088281e-05,0.0
0.03229940299934242,0.03286301200023445,0.00031896200016490184,1.1925001672352664e-05,0.0
0.03324691700072435,0.03293532600036997,0.00031661000139138196,1.20189997687703e-05,0.0
0.033318009998765774,0.03344386200114968,0.0003504429987515323,1.1815000107162632e-05,0.0
0.03386019400022633,0.04330895599923679,0.0003105349987890804,1.162899934570305e-05,0.0
0.04368519499985268,0.026970310998876812,0.00033222099955310114,1.1961999916820787e-05,0.0
0.02736988300057419,0.02943354299895873,0.00034227700052724686,1.296299888053909e-05,0.0
0.029852818999643205,0.03095453799869574,0.00031857299836701714,1.2296000932110474e-05,0.0
0.03133931400043366,0.03272440199907578,0.00031490599940298125,1.1555999662959948e-05,0.0
0.033105935999628855,0.03294727000138664,0.00031581400071445387,1.2444001185940579e-05,0.0
0.03333075100090355,0.03312612199988507,0.0003151279997837264,1.2167000022600405e-05,0.0
0.03350723199946515,0.03395963699949789,0.00032507299874851014,1.231500027643051e-05,0.0
0.03435841399914352,0.03214816299987433,0.0003175920010107802,1.324099866906181e-05,0.0
0.03253988300093624,0.03263127199898008,0.0003183879998687189,1.2111000614822842e-05,0.0
0.033015343999068136,0.03280578999874706,0.00031999800012272317,1.420399894414004e-05,0.0
0.03320228899974609,0.03281512300054601,0.000319128999763052,1.2258999049663544e-05,0.0
0.03320786200129078,0.03300282599957427,0.0003178869992552791,1.1555999662959948e-05,0.0
0.03338649199940846,0.032852603999344865,0.0003120539986412041,1.2369999240036123e-05,0.0
0.03323078799985524,0.033083973999964655,0.00031377699997392483,1.1888998415088281e-05,0.0
0.03361552699971071,0.03270769700066012,0.00031388699972012546,1.1852000170620158e-05,0.0
0.033089456001107465,0.03287080799964315,0.00031494399991061073,1.1648999134195037e-05,0.0
0.033252361999984714,0.033047363000150654,0.00031372099874715786,1.1962998542003334e-05,0.0
0.03343526899880089,0.03306034399975033,0.00031710999974166043,1.161099862656556e-05,0.0
0.03344282400030352,0.03274953099935374,0.0003181100000801962,1.1943999197683297e-05,0.0
0.033134363000499434,0.032908733999647666,0.00031599799876858015,1.2703001630143262e-05,0.0
0.03329112099891063,0.03299943700039876,0.00031677600054536015,1.175900069938507e-05,0.0
0.033383807000063825,0.03295719699963229,0.00031816599948797375,1.107400021282956e-05,0.0
0.033348528000715305,0.034049044999846956,0.00032229499993263744,1.2185000741737895e-05,0.0
0.034439303000908694,0.03217619899987767,0.000316572999508935,1.1850999726448208e-05,0.0
0.03256580899869732,0.03274116000102367,0.000303628999972716,1.2221998986206017e-05,0.0
0.033108937001088634,0.034876448999057175,0.00032770299912954215,1.2630000128410757e-05,0.0
0.035280983998745796,0.03081340800054022,0.000321147001159261,1.1630001608864404e-05,0.0
0.03119988800062856,0.03283210400149983,0.0003129249998892192,1.1943999197683297e-05,0.0
0.033212140000614454,0.03324306600006821,0.0003147019997413736,1.1702999472618103e-05,0.0
0.03363350899962825,0.04325075199994899,0.00030564699954993557,1.2091999451513402e-05,0.0
0.04362230699916836,0.02649262700106192,0.0003292210003564833,1.2574000720633194e-05,0.0
0.026892403000601917,0.030260373001510743,0.0003326280002511339,1.298200004384853e-05,0.0
0.030661501999929897,0.031565647001116304,0.00031518399919150397,1.1889000234077685e-05,0.0
0.031945052000082796,0.032850419000169495,0.000318536000122549,1.2260001312824897e-05,0.0
0.033237214000109816,0.03514000399991346,0.0003379989993845811,1.2406999303493649e-05,0.0
0.03555379799945513,0.031122165999477147,0.0003168130006088177,1.1961999916820787e-05,0.0
0.03150659099992481,0.03249284599951352,0.00031809100073587615,1.2500000593718141e-05,0.0
0.03288249300021562,0.03296354800113477,0.00031109100018511526,1.2759001037920825e-05,0.0
0.03334243599965703,0.03295493699988583,0.0003189060007571243,1.261100078409072e-05,0.0
0.03334041800007981,0.032896585998969385,0.0003202399984729709,1.1870000889757648e-05,0.0
0.033280991001447546,0.03285958600099548,0.00031660999957239255,1.2000000424450263e-05,0.0
0.033241917999475845,0.033104084999649785,0.00031666499853599817,1.1277999874437228e-05,0.0
0.03348758399988583,0.03295897399948444,0.0003204059994459385,1.1944999641855247e-05,0.0
0.03334504699887475,0.03282793800099171,0.00031336999927589204,1.2795999282388948e-05,0.0
0.03320738100046583,0.034008544000244,0.00032614699921396095,1.2628999684238806e-05,0.0
0.03440182099984668,0.03210682999997516,0.00031644399859942496,1.1444000847404823e-05,0.0
0.03248827199968218,0.03307234500061895,0.0003166839996993076,1.2648000847548246e-05,0.0
0.03346312100075011,0.03266184600033739,0.0003157959999953164,1.2258999049663544e-05,0.0
0.0330500670006586,0.03272065999954066,0.00031318400033342186,1.1889000234077685e-05,0.0
0.033099713999035885,0.034113284998966265,0.0003219620011805091,1.261100078409072e-05,0.0
0.03450372900078946,0.032583198000793345,0.00031566600046062376,1.2092999895685352e-05,0.0
0.032965936999971746,0.032570420000411104,0.00031431400020665023,1.231500027643051e-05,0.0
0.03295140000045649,0.03255390099911892,0.00032062799982668366,1.2739999874611385e-05,0.0
0.0329417149987421,0.03305862300112494,0.0003193140000803396,1.2259000868652947e-05,0.0
0.033443066000472754,0.03290925199871708,0.0003138130014121998,1.2055999832227826e-05,0.0
0.03329454699996859,0.032691123999029514,0.00042190599924651906,1.259300006495323e-05,0.0
0.03318101100012427,0.032894195999688236,0.00031401799969899,1.2222000805195421e-05,0.0
0.03328123199935362,0.032971399999951245,0.0003160919986839872,1.2926000636070967e-05,0.0
0.033361380999849644,0.03302156700010528,0.0003225919990654802,1.2074000551365316e-05,0.0
0.03341688000000431,0.04329778899955272,0.00036336899938760325,1.0759000360849313e-05,0.0
0.04372473200055538,0.02660475700031384,0.00033016499946825206,1.2999998943996616e-05,0.0
0.027004699000826804,0.030178465998687898,0.00032948000080068596,1.2481999874580652e-05,0.0
0.030584371999793802,0.03180644199892413,0.00031425799897988327,1.2425998647813685e-05,0.0
0.03218725499937136,0.03271754999877885,0.00031749899972055573,1.1963000360992737e-05,0.0
0.033101437000368605,0.03426141399904736,0.00038166500053193886,1.3610999303637072e-05,0.0
0.034715837999101495,0.033025382001142134,0.00033583199910935946,1.2518999938038178e-05,0.0
0.03343091800161346,0.031255517998943105,0.0003169610008626478,1.1980999261140823e-05,0.0
0.031646367999201175,0.033160029001010116,0.0003235180010960903,1.1889000234077685e-05,0.0
0.03355017600006249,0.03296234499975981,0.000317220999932033,1.1980999261140823e-05,0.0
0.03335236199927749,0.032750975000453764,0.00032081400058814324,1.1092999557149597e-05,0.0
0.0331362140004785,0.032839697998497286,0.0003610540006775409,1.2091999451513402e-05,0.0
0.033266733000345994,0.03491737399963313,0.00033118399915110786,1.1907999578397721e-05,0.0
0.03532307699970261,0.03097135200005141,0.0003152209992549615,1.1722000635927543e-05,0.0
0.03135214699977951,0.032911233998675016,0.00037392499871202745,1.1778000043705106e-05,0.0
0.03335812099976465,0.03285891900122806,0.0003151279997837264,1.1815000107162632e-05,0.0
0.033238492000236874,0.03303369599962025,0.00031964699883246794,1.2685000911005773e-05,0.0
0.03341906500099867,0.03265251199991326,0.000314666000122088,1.2426000466803089e-05,0.0
0.033032381999873905,0.03333676900001592,0.00031690600008005276,1.1387999620637856e-05,0.0
0.033720044999427046,0.03272690100129694,0.0003162949997204123,1.3295999451656826e-05,0.0
0.03311336300066614,0.032858992999535985,0.000315257999318419,1.2241000149515457e-05,0.0
0.03324051099843928,0.03490056000009645,0.00033481299942650367,1.3314998795976862e-05,0.0
0.0353067430005467,0.031325203000960755,0.00032144399847311433,1.231500027643051e-05,0.0
0.0317142200001399,0.03260077199956868,0.00031716500052425545,1.2500000593718141e-05,0.0
